SRA,Sample name,BioSample,Organism,Accession,ID
SRS24287938,VXV20310,SAMN44769409,human skin metagenome,SAMN44769409,44769409
SRS24287936,VXV20309,SAMN44769408,human skin metagenome,SAMN44769408,44769408
SRS24287934,VXV20308,SAMN44769407,human skin metagenome,SAMN44769407,44769407
SRS24287935,VXV20307,SAMN44769406,human skin metagenome,SAMN44769406,44769406
SRS24287933,VXV20306,SAMN44769405,human skin metagenome,SAMN44769405,44769405
SRS24287932,VXV20305,SAMN44769404,human skin metagenome,SAMN44769404,44769404
SRS24287931,VXV20304,SAMN44769403,human skin metagenome,SAMN44769403,44769403
SRS24287930,VXV20301,SAMN44769402,human skin metagenome,SAMN44769402,44769402
SRS24287929,VXV20300,SAMN44769401,human skin metagenome,SAMN44769401,44769401
SRS24287928,VXV20299,SAMN44769400,human skin metagenome,SAMN44769400,44769400
SRS24287927,VXV20298,SAMN44769399,human skin metagenome,SAMN44769399,44769399
SRS24288034,VXV20297,SAMN44769398,human skin metagenome,SAMN44769398,44769398
SRS24288032,VXV20296,SAMN44769397,human skin metagenome,SAMN44769397,44769397
SRS24288033,VXV20295,SAMN44769396,human skin metagenome,SAMN44769396,44769396
SRS24288031,VXV20293,SAMN44769395,human skin metagenome,SAMN44769395,44769395
SRS24288030,VXV20292,SAMN44769394,human skin metagenome,SAMN44769394,44769394
SRS24288029,VXV20291,SAMN44769393,human skin metagenome,SAMN44769393,44769393
SRS24288028,VXV20290,SAMN44769392,human skin metagenome,SAMN44769392,44769392
SRS24288026,VXV20289,SAMN44769391,human skin metagenome,SAMN44769391,44769391
SRS24288027,VXV20288,SAMN44769390,human skin metagenome,SAMN44769390,44769390
SRS24288025,VXV20287,SAMN44769389,human skin metagenome,SAMN44769389,44769389
SRS24288023,VXV20286,SAMN44769388,human skin metagenome,SAMN44769388,44769388
SRS24288021,VXV20284,SAMN44769387,human skin metagenome,SAMN44769387,44769387
SRS24288022,VXV20283,SAMN44769386,human skin metagenome,SAMN44769386,44769386
SRS24288020,VXV20282,SAMN44769385,human skin metagenome,SAMN44769385,44769385
SRS24288019,VXV20281,SAMN44769384,human skin metagenome,SAMN44769384,44769384
SRS24288018,VXV20280,SAMN44769383,human skin metagenome,SAMN44769383,44769383
SRS24288017,VXV20279,SAMN44769382,human skin metagenome,SAMN44769382,44769382
SRS24288016,VXV20278,SAMN44769381,human skin metagenome,SAMN44769381,44769381
SRS24288015,VXV20277,SAMN44769380,human skin metagenome,SAMN44769380,44769380
SRS24288014,VXV20275,SAMN44769379,human skin metagenome,SAMN44769379,44769379
SRS24288012,VXV20274,SAMN44769378,human skin metagenome,SAMN44769378,44769378
SRS24288011,VXV20273,SAMN44769377,human skin metagenome,SAMN44769377,44769377
SRS24288010,VXV20272,SAMN44769376,human skin metagenome,SAMN44769376,44769376
SRS24288009,VXV20271,SAMN44769375,human skin metagenome,SAMN44769375,44769375
SRS24288008,VXV20270,SAMN44769374,human skin metagenome,SAMN44769374,44769374
SRS24288007,VXV20269,SAMN44769373,human skin metagenome,SAMN44769373,44769373
SRS24288005,VXV20268,SAMN44769372,human skin metagenome,SAMN44769372,44769372
SRS24288006,VXV20266,SAMN44769371,human skin metagenome,SAMN44769371,44769371
SRS24288004,VXV20265,SAMN44769370,human skin metagenome,SAMN44769370,44769370
SRS24288003,VXV20264,SAMN44769369,human skin metagenome,SAMN44769369,44769369
SRS24288001,VXV20263,SAMN44769368,human skin metagenome,SAMN44769368,44769368
SRS24288000,VXV20262,SAMN44769367,human skin metagenome,SAMN44769367,44769367
SRS24287999,VXV20261,SAMN44769366,human skin metagenome,SAMN44769366,44769366
SRS24287998,VXV20260,SAMN44769365,human skin metagenome,SAMN44769365,44769365
SRS24287997,VXV20259,SAMN44769364,human skin metagenome,SAMN44769364,44769364
SRS24287996,VXV20257,SAMN44769363,human skin metagenome,SAMN44769363,44769363
SRS24287995,VXV20256,SAMN44769362,human skin metagenome,SAMN44769362,44769362
SRS24287994,VXV20255,SAMN44769361,human skin metagenome,SAMN44769361,44769361
SRS24287992,VXV20252,SAMN44769360,human skin metagenome,SAMN44769360,44769360
SRS24287993,VXV20251,SAMN44769359,human skin metagenome,SAMN44769359,44769359
SRS24287990,VXV20250,SAMN44769358,human skin metagenome,SAMN44769358,44769358
SRS24287989,VXV20249,SAMN44769357,human skin metagenome,SAMN44769357,44769357
SRS24287988,VXV20248,SAMN44769356,human skin metagenome,SAMN44769356,44769356
SRS24287987,VXV20246,SAMN44769355,human skin metagenome,SAMN44769355,44769355
SRS24287986,VXV20245,SAMN44769354,human skin metagenome,SAMN44769354,44769354
SRS24287985,VXV20244,SAMN44769353,human skin metagenome,SAMN44769353,44769353
SRS24287984,VXV20243,SAMN44769352,human skin metagenome,SAMN44769352,44769352
SRS24287982,VXV20242,SAMN44769351,human skin metagenome,SAMN44769351,44769351
SRS24287983,VXV20241,SAMN44769350,human skin metagenome,SAMN44769350,44769350
SRS24287981,VXV20240,SAMN44769349,human skin metagenome,SAMN44769349,44769349
SRS24287979,VXV20239,SAMN44769348,human skin metagenome,SAMN44769348,44769348
SRS24287978,VXV20237,SAMN44769347,human skin metagenome,SAMN44769347,44769347
SRS24287977,VXV20236,SAMN44769346,human skin metagenome,SAMN44769346,44769346
SRS24287976,VXV20235,SAMN44769345,human skin metagenome,SAMN44769345,44769345
SRS24287975,VXV20234,SAMN44769344,human skin metagenome,SAMN44769344,44769344
SRS24287974,VXV20233,SAMN44769343,human skin metagenome,SAMN44769343,44769343
SRS24287973,VXV20232,SAMN44769342,human skin metagenome,SAMN44769342,44769342
SRS24287972,VXV20231,SAMN44769341,human skin metagenome,SAMN44769341,44769341
SRS24287971,VXV20230,SAMN44769340,human skin metagenome,SAMN44769340,44769340
SRS24287970,VXV20228,SAMN44769339,human skin metagenome,SAMN44769339,44769339
SRS24287969,VXV20227,SAMN44769338,human skin metagenome,SAMN44769338,44769338
SRS24287967,VXV20226,SAMN44769337,human skin metagenome,SAMN44769337,44769337
SRS24287965,VXV20225,SAMN44769336,human skin metagenome,SAMN44769336,44769336
SRS24287966,VXV20224,SAMN44769335,human skin metagenome,SAMN44769335,44769335
SRS24287964,VXV20223,SAMN44769334,human skin metagenome,SAMN44769334,44769334
SRS24287963,VXV20222,SAMN44769333,human skin metagenome,SAMN44769333,44769333
SRS24287962,VXV20221,SAMN44769332,human skin metagenome,SAMN44769332,44769332
SRS24287961,VXV20219,SAMN44769331,human skin metagenome,SAMN44769331,44769331
SRS24287960,VXV20218,SAMN44769330,human skin metagenome,SAMN44769330,44769330
SRS24287959,VXV20216,SAMN44769329,human skin metagenome,SAMN44769329,44769329
SRS24287958,VXV20215,SAMN44769328,human skin metagenome,SAMN44769328,44769328
SRS24287956,VXV20214,SAMN44769327,human skin metagenome,SAMN44769327,44769327
SRS24287955,VXV20213,SAMN44769326,human skin metagenome,SAMN44769326,44769326
SRS24287954,VXV20212,SAMN44769325,human skin metagenome,SAMN44769325,44769325
SRS24287953,VXV20210,SAMN44769324,human skin metagenome,SAMN44769324,44769324
SRS24287952,VXV20209,SAMN44769323,human skin metagenome,SAMN44769323,44769323
SRS24287951,VXV20208,SAMN44769322,human skin metagenome,SAMN44769322,44769322
SRS24287950,VXV20206,SAMN44769321,human skin metagenome,SAMN44769321,44769321
SRS24287949,VXV20205,SAMN44769320,human skin metagenome,SAMN44769320,44769320
SRS24287948,VXV20204,SAMN44769319,human skin metagenome,SAMN44769319,44769319
SRS24287946,VXV20203,SAMN44769318,human skin metagenome,SAMN44769318,44769318
SRS24287945,VXV20201,SAMN44769317,human skin metagenome,SAMN44769317,44769317
SRS24287944,VXV20200,SAMN44769316,human skin metagenome,SAMN44769316,44769316
SRS24287943,VXV20199,SAMN44769315,human skin metagenome,SAMN44769315,44769315
SRS24287942,VXV20198,SAMN44769314,human skin metagenome,SAMN44769314,44769314
SRS24287941,VXV20197,SAMN44769313,human skin metagenome,SAMN44769313,44769313
SRS24287940,VXV20196,SAMN44769312,human skin metagenome,SAMN44769312,44769312
SRS24287939,VXV20195,SAMN44769311,human skin metagenome,SAMN44769311,44769311
SRS24287937,VXV20193,SAMN44769310,human skin metagenome,SAMN44769310,44769310
SRS24287926,VXV20192,SAMN44769309,human skin metagenome,SAMN44769309,44769309
SRS24288024,VXV20191,SAMN44769308,human skin metagenome,SAMN44769308,44769308
SRS24288013,VXV20190,SAMN44769307,human skin metagenome,SAMN44769307,44769307
SRS24288002,VXV20189,SAMN44769306,human skin metagenome,SAMN44769306,44769306
SRS24287991,VXV20188,SAMN44769305,human skin metagenome,SAMN44769305,44769305
SRS24287980,VXV20187,SAMN44769304,human skin metagenome,SAMN44769304,44769304
SRS24287968,VXV20186,SAMN44769303,human skin metagenome,SAMN44769303,44769303
SRS24287957,VXV20184,SAMN44769302,human skin metagenome,SAMN44769302,44769302
SRS24287947,VXV20182,SAMN44769301,human skin metagenome,SAMN44769301,44769301
SRS24287925,VXV20181,SAMN44769300,human skin metagenome,SAMN44769300,44769300
SRS24287924,VXV20180,SAMN44769299,human skin metagenome,SAMN44769299,44769299
SRS24336729,VXV20179,SAMN44769298,human skin metagenome,SAMN44769298,44769298
SRS24336728,VXV20178,SAMN44769297,human skin metagenome,SAMN44769297,44769297
SRS24336725,VXV20177,SAMN44769296,human skin metagenome,SAMN44769296,44769296
SRS24336586,VXV20175,SAMN44769295,human skin metagenome,SAMN44769295,44769295
SRS24336584,VXV20174,SAMN44769294,human skin metagenome,SAMN44769294,44769294
SRS24336583,VXV20173,SAMN44769293,human skin metagenome,SAMN44769293,44769293
SRS24336585,VXV20172,SAMN44769292,human skin metagenome,SAMN44769292,44769292
SRS24336582,VXV20171,SAMN44769291,human skin metagenome,SAMN44769291,44769291
SRS24336581,VXV20170,SAMN44769290,human skin metagenome,SAMN44769290,44769290
SRS24336579,VXV20169,SAMN44769289,human skin metagenome,SAMN44769289,44769289
SRS24336578,VXV20168,SAMN44769288,human skin metagenome,SAMN44769288,44769288
SRS24336577,VXV20166,SAMN44769287,human skin metagenome,SAMN44769287,44769287
SRS24336576,VXV20165,SAMN44769286,human skin metagenome,SAMN44769286,44769286
SRS24336575,VXV20164,SAMN44769285,human skin metagenome,SAMN44769285,44769285
SRS24336574,VXV20163,SAMN44769284,human skin metagenome,SAMN44769284,44769284
SRS24336573,VXV20162,SAMN44769283,human skin metagenome,SAMN44769283,44769283
SRS24336572,VXV20161,SAMN44769282,human skin metagenome,SAMN44769282,44769282
SRS24336571,VXV20160,SAMN44769281,human skin metagenome,SAMN44769281,44769281
SRS24336570,VXV20159,SAMN44769280,human skin metagenome,SAMN44769280,44769280
SRS24336568,VXV20101,SAMN44769279,human skin metagenome,SAMN44769279,44769279
SRS24336567,VXV20100,SAMN44769278,human skin metagenome,SAMN44769278,44769278
SRS24336566,VXV20099,SAMN44769277,human skin metagenome,SAMN44769277,44769277
SRS24336565,VXV20097,SAMN44769276,human skin metagenome,SAMN44769276,44769276
SRS24336563,VXV20096,SAMN44769275,human skin metagenome,SAMN44769275,44769275
SRS24336564,VXV20095,SAMN44769274,human skin metagenome,SAMN44769274,44769274
SRS24336561,VXV20093,SAMN44769273,human skin metagenome,SAMN44769273,44769273
SRS24336562,VXV20092,SAMN44769272,human skin metagenome,SAMN44769272,44769272
SRS24336560,VXV19702,SAMN44769271,human skin metagenome,SAMN44769271,44769271
SRS24336558,VXV19701,SAMN44769270,human skin metagenome,SAMN44769270,44769270
SRS24336530,VXV19700,SAMN44769269,human skin metagenome,SAMN44769269,44769269
SRS24336529,VXV19699,SAMN44769268,human skin metagenome,SAMN44769268,44769268
SRS24336526,VXV19698,SAMN44769267,human skin metagenome,SAMN44769267,44769267
SRS24336527,VXV19697,SAMN44769266,human skin metagenome,SAMN44769266,44769266
SRS24336525,VXV19696,SAMN44769265,human skin metagenome,SAMN44769265,44769265
SRS24336524,VXV19695,SAMN44769264,human skin metagenome,SAMN44769264,44769264
SRS24336523,VXV19693,SAMN44769263,human skin metagenome,SAMN44769263,44769263
SRS24336521,VXV19692,SAMN44769262,human skin metagenome,SAMN44769262,44769262
SRS24336522,VXV19691,SAMN44769261,human skin metagenome,SAMN44769261,44769261
SRS24336520,VXV19690,SAMN44769260,human skin metagenome,SAMN44769260,44769260
SRS24336518,VXV19689,SAMN44769259,human skin metagenome,SAMN44769259,44769259
SRS24336517,VXV19688,SAMN44769258,human skin metagenome,SAMN44769258,44769258
SRS24336516,VXV19686,SAMN44769257,human skin metagenome,SAMN44769257,44769257
SRS24336514,VXV19685,SAMN44769256,human skin metagenome,SAMN44769256,44769256
SRS24336515,VXV19684,SAMN44769255,human skin metagenome,SAMN44769255,44769255
SRS24336512,VXV19683,SAMN44769254,human skin metagenome,SAMN44769254,44769254
SRS24336513,VXV19682,SAMN44769253,human skin metagenome,SAMN44769253,44769253
SRS24336511,VXV19681,SAMN44769252,human skin metagenome,SAMN44769252,44769252
SRS24336510,VXV19678,SAMN44769251,human skin metagenome,SAMN44769251,44769251
SRS24336509,VXV19677,SAMN44769250,human skin metagenome,SAMN44769250,44769250
SRS24336507,VXV19676,SAMN44769249,human skin metagenome,SAMN44769249,44769249
SRS24336505,VXV19675,SAMN44769248,human skin metagenome,SAMN44769248,44769248
SRS24336506,VXV19674,SAMN44769247,human skin metagenome,SAMN44769247,44769247
SRS24336504,VXV19673,SAMN44769246,human skin metagenome,SAMN44769246,44769246
SRS24336503,VXV19672,SAMN44769245,human skin metagenome,SAMN44769245,44769245
SRS24336815,VXV19671,SAMN44769244,human skin metagenome,SAMN44769244,44769244
SRS24336813,VXV19670,SAMN44769243,human skin metagenome,SAMN44769243,44769243
SRS24336811,VXV19669,SAMN44769242,human skin metagenome,SAMN44769242,44769242
SRS24336810,VXV19668,SAMN44769241,human skin metagenome,SAMN44769241,44769241
SRS24336812,VXV19667,SAMN44769240,human skin metagenome,SAMN44769240,44769240
SRS24336808,VXV19666,SAMN44769239,human skin metagenome,SAMN44769239,44769239
SRS24336806,VXV19665,SAMN44769238,human skin metagenome,SAMN44769238,44769238
SRS24336807,VXV19664,SAMN44769237,human skin metagenome,SAMN44769237,44769237
SRS24336805,VXV19663,SAMN44769236,human skin metagenome,SAMN44769236,44769236
SRS24336802,VXV19662,SAMN44769235,human skin metagenome,SAMN44769235,44769235
SRS24336804,VXV19661,SAMN44769234,human skin metagenome,SAMN44769234,44769234
SRS24336803,VXV19660,SAMN44769233,human skin metagenome,SAMN44769233,44769233
SRS24336800,VXV19659,SAMN44769232,human skin metagenome,SAMN44769232,44769232
SRS24336801,VXV19658,SAMN44769231,human skin metagenome,SAMN44769231,44769231
SRS24336799,VXV19656,SAMN44769230,human skin metagenome,SAMN44769230,44769230
SRS24336796,VXV19655,SAMN44769229,human skin metagenome,SAMN44769229,44769229
SRS24336797,VXV19654,SAMN44769228,human skin metagenome,SAMN44769228,44769228
SRS24336794,VXV19653,SAMN44769227,human skin metagenome,SAMN44769227,44769227
SRS24336793,VXV19652,SAMN44769226,human skin metagenome,SAMN44769226,44769226
SRS24336795,VXV19651,SAMN44769225,human skin metagenome,SAMN44769225,44769225
SRS24336792,VXV19650,SAMN44769224,human skin metagenome,SAMN44769224,44769224
SRS24336790,VXV19649,SAMN44769223,human skin metagenome,SAMN44769223,44769223
SRS24336789,VXV19648,SAMN44769222,human skin metagenome,SAMN44769222,44769222
SRS24336791,VXV19647,SAMN44769221,human skin metagenome,SAMN44769221,44769221
SRS24336788,VXV19646,SAMN44769220,human skin metagenome,SAMN44769220,44769220
SRS24336786,VXV19645,SAMN44769219,human skin metagenome,SAMN44769219,44769219
SRS24336727,VXV19644,SAMN44769218,human skin metagenome,SAMN44769218,44769218
SRS24336723,VXV19643,SAMN44769217,human skin metagenome,SAMN44769217,44769217
SRS24336721,VXV19642,SAMN44769216,human skin metagenome,SAMN44769216,44769216
SRS24336722,VXV19641,SAMN44769215,human skin metagenome,SAMN44769215,44769215
SRS24336720,VXV19640,SAMN44769214,human skin metagenome,SAMN44769214,44769214
SRS24336718,VXV19639,SAMN44769213,human skin metagenome,SAMN44769213,44769213
SRS24336717,VXV19638,SAMN44769212,human skin metagenome,SAMN44769212,44769212
SRS24336719,VXV19637,SAMN44769211,human skin metagenome,SAMN44769211,44769211
SRS24336716,VXV19636,SAMN44769210,human skin metagenome,SAMN44769210,44769210
SRS24336715,VXV19635,SAMN44769209,human skin metagenome,SAMN44769209,44769209
SRS24336711,VXV19632,SAMN44769208,human skin metagenome,SAMN44769208,44769208
SRS24336713,VXV19631,SAMN44769207,human skin metagenome,SAMN44769207,44769207
SRS24336710,VXV19630,SAMN44769206,human skin metagenome,SAMN44769206,44769206
SRS24336712,VXV19628,SAMN44769205,human skin metagenome,SAMN44769205,44769205
SRS24336709,VXV19627,SAMN44769204,human skin metagenome,SAMN44769204,44769204
SRS24336708,VXV19626,SAMN44769203,human skin metagenome,SAMN44769203,44769203
SRS24336707,VXV19625,SAMN44769202,human skin metagenome,SAMN44769202,44769202
SRS24336705,VXV19624,SAMN44769201,human skin metagenome,SAMN44769201,44769201
SRS24336706,VXV19623,SAMN44769200,human skin metagenome,SAMN44769200,44769200
SRS24336703,VXV19622,SAMN44769199,human skin metagenome,SAMN44769199,44769199
SRS24336702,VXV19621,SAMN44769198,human skin metagenome,SAMN44769198,44769198
SRS24336701,VXV19619,SAMN44769197,human skin metagenome,SAMN44769197,44769197
SRS24336700,VXV19618,SAMN44769196,human skin metagenome,SAMN44769196,44769196
SRS24336697,VXV19617,SAMN44769195,human skin metagenome,SAMN44769195,44769195
SRS24336500,VXV19616,SAMN44769194,human skin metagenome,SAMN44769194,44769194
SRS24336502,VXV19615,SAMN44769193,human skin metagenome,SAMN44769193,44769193
SRS24336501,VXV19614,SAMN44769192,human skin metagenome,SAMN44769192,44769192
SRS24336499,VXV19613,SAMN44769191,human skin metagenome,SAMN44769191,44769191
SRS24336498,VXV19612,SAMN44769190,human skin metagenome,SAMN44769190,44769190
SRS24336497,VXV19610,SAMN44769189,human skin metagenome,SAMN44769189,44769189
SRS24336494,VXV19607,SAMN44769188,human skin metagenome,SAMN44769188,44769188
SRS24336495,VXV19606,SAMN44769187,human skin metagenome,SAMN44769187,44769187
SRS24336493,VXV19605,SAMN44769186,human skin metagenome,SAMN44769186,44769186
SRS24336490,VXV19604,SAMN44769185,human skin metagenome,SAMN44769185,44769185
SRS24336492,VXV19603,SAMN44769184,human skin metagenome,SAMN44769184,44769184
SRS24336491,VXV19602,SAMN44769183,human skin metagenome,SAMN44769183,44769183
SRS24336489,VXV19601,SAMN44769182,human skin metagenome,SAMN44769182,44769182
SRS24336486,VXV19600,SAMN44769181,human skin metagenome,SAMN44769181,44769181
SRS24336488,VXV19599,SAMN44769180,human skin metagenome,SAMN44769180,44769180
SRS24336487,VXV19598,SAMN44769179,human skin metagenome,SAMN44769179,44769179
SRS24336483,VXV19597,SAMN44769178,human skin metagenome,SAMN44769178,44769178
SRS24336484,VXV19595,SAMN44769177,human skin metagenome,SAMN44769177,44769177
SRS24336482,VXV19594,SAMN44769176,human skin metagenome,SAMN44769176,44769176
SRS24336479,VXV19593,SAMN44769175,human skin metagenome,SAMN44769175,44769175
SRS24336480,VXV19592,SAMN44769174,human skin metagenome,SAMN44769174,44769174
SRS24336481,VXV19591,SAMN44769173,human skin metagenome,SAMN44769173,44769173
SRS24336478,VXV19590,SAMN44769172,human skin metagenome,SAMN44769172,44769172
SRS24336476,VXV19589,SAMN44769171,human skin metagenome,SAMN44769171,44769171
SRS24336477,VXV19588,SAMN44769170,human skin metagenome,SAMN44769170,44769170
SRS24336475,VXV19587,SAMN44769169,human skin metagenome,SAMN44769169,44769169
SRS24336787,VXV19586,SAMN44769168,human skin metagenome,SAMN44769168,44769168
SRS24336784,VXV19585,SAMN44769167,human skin metagenome,SAMN44769167,44769167
SRS24336782,VXV19582,SAMN44769166,human skin metagenome,SAMN44769166,44769166
SRS24336783,VXV19581,SAMN44769165,human skin metagenome,SAMN44769165,44769165
SRS24336781,VXV19580,SAMN44769164,human skin metagenome,SAMN44769164,44769164
SRS24336780,VXV19579,SAMN44769163,human skin metagenome,SAMN44769163,44769163
SRS24336778,VXV19578,SAMN44769162,human skin metagenome,SAMN44769162,44769162
SRS24336779,VXV19577,SAMN44769161,human skin metagenome,SAMN44769161,44769161
SRS24336777,VXV19576,SAMN44769160,human skin metagenome,SAMN44769160,44769160
SRS24336776,VXV19575,SAMN44769159,human skin metagenome,SAMN44769159,44769159
SRS24336775,VXV19574,SAMN44769158,human skin metagenome,SAMN44769158,44769158
SRS24336772,VXV19572,SAMN44769157,human skin metagenome,SAMN44769157,44769157
SRS24336773,VXV19571,SAMN44769156,human skin metagenome,SAMN44769156,44769156
SRS24336770,VXV19570,SAMN44769155,human skin metagenome,SAMN44769155,44769155
SRS24336771,VXV19568,SAMN44769154,human skin metagenome,SAMN44769154,44769154
SRS24336768,VXV19567,SAMN44769153,human skin metagenome,SAMN44769153,44769153
SRS24336769,VXV19566,SAMN44769152,human skin metagenome,SAMN44769152,44769152
SRS24336767,VXV19565,SAMN44769151,human skin metagenome,SAMN44769151,44769151
SRS24336766,VXV19564,SAMN44769150,human skin metagenome,SAMN44769150,44769150
SRS24336764,VXV19563,SAMN44769149,human skin metagenome,SAMN44769149,44769149
SRS24336765,VXV19562,SAMN44769148,human skin metagenome,SAMN44769148,44769148
SRS24336762,VXV19561,SAMN44769147,human skin metagenome,SAMN44769147,44769147
SRS24336761,VXV19560,SAMN44769146,human skin metagenome,SAMN44769146,44769146
SRS24336756,VXV19559,SAMN44769145,human skin metagenome,SAMN44769145,44769145
SRS24336759,VXV19558,SAMN44769144,human skin metagenome,SAMN44769144,44769144
SRS24336696,VXV19557,SAMN44769143,human skin metagenome,SAMN44769143,44769143
SRS24336699,VXV19556,SAMN44769142,human skin metagenome,SAMN44769142,44769142
SRS24336698,VXV19555,SAMN44769141,human skin metagenome,SAMN44769141,44769141
SRS24336695,VXV19554,SAMN44769140,human skin metagenome,SAMN44769140,44769140
SRS24336694,VXV19553,SAMN44769139,human skin metagenome,SAMN44769139,44769139
SRS24336690,VXV19552,SAMN44769138,human skin metagenome,SAMN44769138,44769138
SRS24336691,VXV19551,SAMN44769137,human skin metagenome,SAMN44769137,44769137
SRS24336692,VXV19550,SAMN44769136,human skin metagenome,SAMN44769136,44769136
SRS24336689,VXV19549,SAMN44769135,human skin metagenome,SAMN44769135,44769135
SRS24336688,VXV19548,SAMN44769134,human skin metagenome,SAMN44769134,44769134
SRS24336686,VXV19547,SAMN44769133,human skin metagenome,SAMN44769133,44769133
SRS24336687,VXV19546,SAMN44769132,human skin metagenome,SAMN44769132,44769132
SRS24336685,VXV19545,SAMN44769131,human skin metagenome,SAMN44769131,44769131
SRS24336683,VXV19544,SAMN44769130,human skin metagenome,SAMN44769130,44769130
SRS24336684,VXV19543,SAMN44769129,human skin metagenome,SAMN44769129,44769129
SRS24336681,VXV19542,SAMN44769128,human skin metagenome,SAMN44769128,44769128
SRS24336680,VXV19541,SAMN44769127,human skin metagenome,SAMN44769127,44769127
SRS24336679,VXV19540,SAMN44769126,human skin metagenome,SAMN44769126,44769126
SRS24336678,VXV19539,SAMN44769125,human skin metagenome,SAMN44769125,44769125
SRS24336677,VXV19535,SAMN44769124,human skin metagenome,SAMN44769124,44769124
SRS24336675,VXV19534,SAMN44769123,human skin metagenome,SAMN44769123,44769123
SRS24336676,VXV19533,SAMN44769122,human skin metagenome,SAMN44769122,44769122
SRS24336674,VXV19532,SAMN44769121,human skin metagenome,SAMN44769121,44769121
SRS24336672,VXV19531,SAMN44769120,human skin metagenome,SAMN44769120,44769120
SRS24336673,VXV19530,SAMN44769119,human skin metagenome,SAMN44769119,44769119
SRS24336559,VXV19529,SAMN44769118,human skin metagenome,SAMN44769118,44769118
SRS24336556,VXV19528,SAMN44769117,human skin metagenome,SAMN44769117,44769117
SRS24336555,VXV19527,SAMN44769116,human skin metagenome,SAMN44769116,44769116
SRS24336554,VXV19526,SAMN44769115,human skin metagenome,SAMN44769115,44769115
SRS24336553,VXV19525,SAMN44769114,human skin metagenome,SAMN44769114,44769114
SRS24336552,VXV19524,SAMN44769113,human skin metagenome,SAMN44769113,44769113
SRS24336551,VXV19523,SAMN44769112,human skin metagenome,SAMN44769112,44769112
SRS24336549,VXV19522,SAMN44769111,human skin metagenome,SAMN44769111,44769111
SRS24336550,VXV19521,SAMN44769110,human skin metagenome,SAMN44769110,44769110
SRS24336548,VXV19520,SAMN44769109,human skin metagenome,SAMN44769109,44769109
SRS24336546,VXV19519,SAMN44769108,human skin metagenome,SAMN44769108,44769108
SRS24336545,VXV19518,SAMN44769107,human skin metagenome,SAMN44769107,44769107
SRS24336543,VXV19517,SAMN44769106,human skin metagenome,SAMN44769106,44769106
SRS24336544,VXV19516,SAMN44769105,human skin metagenome,SAMN44769105,44769105
SRS24336542,VXV19515,SAMN44769104,human skin metagenome,SAMN44769104,44769104
SRS24336541,VXV19514,SAMN44769103,human skin metagenome,SAMN44769103,44769103
SRS24336540,VXV19512,SAMN44769102,human skin metagenome,SAMN44769102,44769102
SRS24336539,VXV19511,SAMN44769101,human skin metagenome,SAMN44769101,44769101
SRS24336538,VXV19510,SAMN44769100,human skin metagenome,SAMN44769100,44769100
SRS24336537,VXV19509,SAMN44769099,human skin metagenome,SAMN44769099,44769099
SRS24336536,VXV19508,SAMN44769098,human skin metagenome,SAMN44769098,44769098
SRS24336534,VXV19507,SAMN44769097,human skin metagenome,SAMN44769097,44769097
SRS24336533,VXV19506,SAMN44769096,human skin metagenome,SAMN44769096,44769096
SRS24336532,VXV19505,SAMN44769095,human skin metagenome,SAMN44769095,44769095
SRS24336531,VXV19504,SAMN44769094,human skin metagenome,SAMN44769094,44769094
SRS24336473,VXV19503,SAMN44769093,human skin metagenome,SAMN44769093,44769093
SRS24336474,VXV18205,SAMN44769092,human skin metagenome,SAMN44769092,44769092
SRS24336472,VXV18204,SAMN44769091,human skin metagenome,SAMN44769091,44769091
SRS24336471,VXV18203,SAMN44769090,human skin metagenome,SAMN44769090,44769090
SRS24336470,VXV18202,SAMN44769089,human skin metagenome,SAMN44769089,44769089
SRS24336469,VXV18201,SAMN44769088,human skin metagenome,SAMN44769088,44769088
SRS24336467,VXV18200,SAMN44769087,human skin metagenome,SAMN44769087,44769087
SRS24336466,VXV18199,SAMN44769086,human skin metagenome,SAMN44769086,44769086
SRS24336464,VXV18198,SAMN44769085,human skin metagenome,SAMN44769085,44769085
SRS24336465,VXV18197,SAMN44769084,human skin metagenome,SAMN44769084,44769084
SRS24336463,VXV18196,SAMN44769083,human skin metagenome,SAMN44769083,44769083
SRS24336460,VXV18195,SAMN44769082,human skin metagenome,SAMN44769082,44769082
SRS24336462,VXV18194,SAMN44769081,human skin metagenome,SAMN44769081,44769081
SRS24336461,VXV18193,SAMN44769080,human skin metagenome,SAMN44769080,44769080
SRS24336459,VXV18192,SAMN44769079,human skin metagenome,SAMN44769079,44769079
SRS24336457,VXV18191,SAMN44769078,human skin metagenome,SAMN44769078,44769078
SRS24336456,VXV18190,SAMN44769077,human skin metagenome,SAMN44769077,44769077
SRS24336454,VXV18189,SAMN44769076,human skin metagenome,SAMN44769076,44769076
SRS24336455,VXV18188,SAMN44769075,human skin metagenome,SAMN44769075,44769075
SRS24336453,VXV18187,SAMN44769074,human skin metagenome,SAMN44769074,44769074
SRS24336452,VXV18186,SAMN44769073,human skin metagenome,SAMN44769073,44769073
SRS24336450,VXV18185,SAMN44769072,human skin metagenome,SAMN44769072,44769072
SRS24336451,VXV18184,SAMN44769071,human skin metagenome,SAMN44769071,44769071
SRS24336449,VXV18183,SAMN44769070,human skin metagenome,SAMN44769070,44769070
SRS24336448,VXV18182,SAMN44769069,human skin metagenome,SAMN44769069,44769069
SRS24336643,VXV18181,SAMN44769068,human skin metagenome,SAMN44769068,44769068
SRS24336641,VXV18180,SAMN44769067,human skin metagenome,SAMN44769067,44769067
SRS24336640,VXV18179,SAMN44769066,human skin metagenome,SAMN44769066,44769066
SRS24336639,VXV18178,SAMN44769065,human skin metagenome,SAMN44769065,44769065
SRS24336637,VXV18177,SAMN44769064,human skin metagenome,SAMN44769064,44769064
SRS24336638,VXV18176,SAMN44769063,human skin metagenome,SAMN44769063,44769063
SRS24336635,VXV18175,SAMN44769062,human skin metagenome,SAMN44769062,44769062
SRS24336634,VXV18174,SAMN44769061,human skin metagenome,SAMN44769061,44769061
SRS24336636,VXV18173,SAMN44769060,human skin metagenome,SAMN44769060,44769060
SRS24336633,VXV18172,SAMN44769059,human skin metagenome,SAMN44769059,44769059
SRS24336630,VXV18171,SAMN44769058,human skin metagenome,SAMN44769058,44769058
SRS24336631,VXV18170,SAMN44769057,human skin metagenome,SAMN44769057,44769057
SRS24336628,VXV18167,SAMN44769056,human skin metagenome,SAMN44769056,44769056
SRS24336629,VXV18166,SAMN44769055,human skin metagenome,SAMN44769055,44769055
SRS24336626,VXV18165,SAMN44769054,human skin metagenome,SAMN44769054,44769054
SRS24336627,VXV18164,SAMN44769053,human skin metagenome,SAMN44769053,44769053
SRS24336624,VXV18163,SAMN44769052,human skin metagenome,SAMN44769052,44769052
SRS24336625,VXV18162,SAMN44769051,human skin metagenome,SAMN44769051,44769051
SRS24336623,VXV18161,SAMN44769050,human skin metagenome,SAMN44769050,44769050
SRS24336621,VXV18160,SAMN44769049,human skin metagenome,SAMN44769049,44769049
SRS24336620,VXV18159,SAMN44769048,human skin metagenome,SAMN44769048,44769048
SRS24336619,VXV18153,SAMN44769047,human skin metagenome,SAMN44769047,44769047
SRS24336618,VXV18152,SAMN44769046,human skin metagenome,SAMN44769046,44769046
SRS24336617,VXV18151,SAMN44769045,human skin metagenome,SAMN44769045,44769045
SRS24336616,VXV18150,SAMN44769044,human skin metagenome,SAMN44769044,44769044
SRS24336615,VXV18149,SAMN44769043,human skin metagenome,SAMN44769043,44769043
SRS24336446,VXV18148,SAMN44769042,human skin metagenome,SAMN44769042,44769042
SRS24336443,VXV18147,SAMN44769041,human skin metagenome,SAMN44769041,44769041
SRS24336445,VXV18146,SAMN44769040,human skin metagenome,SAMN44769040,44769040
SRS24336444,VXV18145,SAMN44769039,human skin metagenome,SAMN44769039,44769039
SRS24336442,VXV18144,SAMN44769038,human skin metagenome,SAMN44769038,44769038
SRS24336441,VXV18143,SAMN44769037,human skin metagenome,SAMN44769037,44769037
SRS24336439,VXV18142,SAMN44769036,human skin metagenome,SAMN44769036,44769036
SRS24336438,VXV18141,SAMN44769035,human skin metagenome,SAMN44769035,44769035
SRS24336437,VXV18140,SAMN44769034,human skin metagenome,SAMN44769034,44769034
SRS24336436,VXV18134,SAMN44769033,human skin metagenome,SAMN44769033,44769033
SRS24336433,VXV18133,SAMN44769032,human skin metagenome,SAMN44769032,44769032
SRS24336435,VXV18132,SAMN44769031,human skin metagenome,SAMN44769031,44769031
SRS24336434,VXV18131,SAMN44769030,human skin metagenome,SAMN44769030,44769030
SRS24336432,VXV18130,SAMN44769029,human skin metagenome,SAMN44769029,44769029
SRS24336429,VXV18129,SAMN44769028,human skin metagenome,SAMN44769028,44769028
SRS24336430,VXV18128,SAMN44769027,human skin metagenome,SAMN44769027,44769027
SRS24336428,VXV18127,SAMN44769026,human skin metagenome,SAMN44769026,44769026
SRS24336427,VXV18126,SAMN44769025,human skin metagenome,SAMN44769025,44769025
SRS24336426,VXV18125,SAMN44769024,human skin metagenome,SAMN44769024,44769024
SRS24336425,VXV18124,SAMN44769023,human skin metagenome,SAMN44769023,44769023
SRS24336422,VXV18123,SAMN44769022,human skin metagenome,SAMN44769022,44769022
SRS24336424,VXV18119,SAMN44769021,human skin metagenome,SAMN44769021,44769021
SRS24336423,VXV18118,SAMN44769020,human skin metagenome,SAMN44769020,44769020
SRS24336421,VXV18117,SAMN44769019,human skin metagenome,SAMN44769019,44769019
SRS24336870,VXV18116,SAMN44769018,human skin metagenome,SAMN44769018,44769018
SRS24336869,VXV18115,SAMN44769017,human skin metagenome,SAMN44769017,44769017
SRS24336867,VXV18114,SAMN44769016,human skin metagenome,SAMN44769016,44769016
SRS24336868,VXV18113,SAMN44769015,human skin metagenome,SAMN44769015,44769015
SRS24336864,VXV18112,SAMN44769014,human skin metagenome,SAMN44769014,44769014
SRS24336865,VXV18111,SAMN44769013,human skin metagenome,SAMN44769013,44769013
SRS24336866,VXV18108,SAMN44769012,human skin metagenome,SAMN44769012,44769012
SRS24336863,VXV18107,SAMN44769011,human skin metagenome,SAMN44769011,44769011
SRS24336861,VXV18105,SAMN44769010,human skin metagenome,SAMN44769010,44769010
SRS24336862,VXV18104,SAMN44769009,human skin metagenome,SAMN44769009,44769009
SRS24336858,VXV18101,SAMN44769008,human skin metagenome,SAMN44769008,44769008
SRS24336859,VXV18100,SAMN44769007,human skin metagenome,SAMN44769007,44769007
SRS24336857,VXV18092,SAMN44769006,human skin metagenome,SAMN44769006,44769006
SRS24336854,VXV18089,SAMN44769005,human skin metagenome,SAMN44769005,44769005
SRS24336855,VXV18088,SAMN44769004,human skin metagenome,SAMN44769004,44769004
SRS24336856,VXV18085,SAMN44769003,human skin metagenome,SAMN44769003,44769003
SRS24336852,VXV18082,SAMN44769002,human skin metagenome,SAMN44769002,44769002
SRS24336853,VXV18081,SAMN44769001,human skin metagenome,SAMN44769001,44769001
SRS24336851,VXV18080,SAMN44769000,human skin metagenome,SAMN44769000,44769000
SRS24336848,VXV18077,SAMN44768999,human skin metagenome,SAMN44768999,44768999
SRS24336849,VXV18076,SAMN44768998,human skin metagenome,SAMN44768998,44768998
SRS24336847,VXV18075,SAMN44768997,human skin metagenome,SAMN44768997,44768997
SRS24336846,VXV18074,SAMN44768996,human skin metagenome,SAMN44768996,44768996
SRS24336845,VXV18071,SAMN44768995,human skin metagenome,SAMN44768995,44768995
SRS24336842,VXV18070,SAMN44768994,human skin metagenome,SAMN44768994,44768994
SRS24336844,VXV18066,SAMN44768993,human skin metagenome,SAMN44768993,44768993
SRS24336669,VXV18065,SAMN44768992,human skin metagenome,SAMN44768992,44768992
SRS24336671,VXV18064,SAMN44768991,human skin metagenome,SAMN44768991,44768991
SRS24336668,VXV18063,SAMN44768990,human skin metagenome,SAMN44768990,44768990
SRS24336666,VXV18062,SAMN44768989,human skin metagenome,SAMN44768989,44768989
SRS24336665,VXV18061,SAMN44768988,human skin metagenome,SAMN44768988,44768988
SRS24336664,VXV18060,SAMN44768987,human skin metagenome,SAMN44768987,44768987
SRS24336663,VXV18058,SAMN44768986,human skin metagenome,SAMN44768986,44768986
SRS24336662,VXV18057,SAMN44768985,human skin metagenome,SAMN44768985,44768985
SRS24336660,VXV18056,SAMN44768984,human skin metagenome,SAMN44768984,44768984
SRS24336661,VXV18053,SAMN44768983,human skin metagenome,SAMN44768983,44768983
SRS24336657,VXV18052,SAMN44768982,human skin metagenome,SAMN44768982,44768982
SRS24336659,VXV18051,SAMN44768981,human skin metagenome,SAMN44768981,44768981
SRS24336658,VXV18049,SAMN44768980,human skin metagenome,SAMN44768980,44768980
SRS24336655,VXV18048,SAMN44768979,human skin metagenome,SAMN44768979,44768979
SRS24336656,VXV18046,SAMN44768978,human skin metagenome,SAMN44768978,44768978
SRS24336652,VXV18045,SAMN44768977,human skin metagenome,SAMN44768977,44768977
SRS24336651,VXV18043,SAMN44768976,human skin metagenome,SAMN44768976,44768976
SRS24336653,VXV18038,SAMN44768975,human skin metagenome,SAMN44768975,44768975
SRS24336650,VXV18037,SAMN44768974,human skin metagenome,SAMN44768974,44768974
SRS24336648,VXV18035,SAMN44768973,human skin metagenome,SAMN44768973,44768973
SRS24336649,VXV18034,SAMN44768972,human skin metagenome,SAMN44768972,44768972
SRS24336647,VXV18033,SAMN44768971,human skin metagenome,SAMN44768971,44768971
SRS24336645,VXV18032,SAMN44768970,human skin metagenome,SAMN44768970,44768970
SRS24336646,VXV18026,SAMN44768969,human skin metagenome,SAMN44768969,44768969
SRS24336642,VXV18025,SAMN44768968,human skin metagenome,SAMN44768968,44768968
SRS24336614,VXV18024,SAMN44768967,human skin metagenome,SAMN44768967,44768967
SRS24336613,VXV18023,SAMN44768966,human skin metagenome,SAMN44768966,44768966
SRS24336612,VXV18022,SAMN44768965,human skin metagenome,SAMN44768965,44768965
SRS24336609,VXV18021,SAMN44768964,human skin metagenome,SAMN44768964,44768964
SRS24336611,VXV18020,SAMN44768963,human skin metagenome,SAMN44768963,44768963
SRS24336610,VXV18016,SAMN44768962,human skin metagenome,SAMN44768962,44768962
SRS24336608,VXV18015,SAMN44768961,human skin metagenome,SAMN44768961,44768961
SRS24336607,VXV18013,SAMN44768960,human skin metagenome,SAMN44768960,44768960
SRS24336606,VXV18012,SAMN44768959,human skin metagenome,SAMN44768959,44768959
SRS24336603,VXV18011,SAMN44768958,human skin metagenome,SAMN44768958,44768958
SRS24336604,VXV18010,SAMN44768957,human skin metagenome,SAMN44768957,44768957
SRS24336602,VXV18009,SAMN44768956,human skin metagenome,SAMN44768956,44768956
SRS24336601,VXV18007,SAMN44768955,human skin metagenome,SAMN44768955,44768955
SRS24336600,VXV18006,SAMN44768954,human skin metagenome,SAMN44768954,44768954
SRS24336599,VXV18004,SAMN44768953,human skin metagenome,SAMN44768953,44768953
SRS24336598,VXV17996,SAMN44768952,human skin metagenome,SAMN44768952,44768952
SRS24336597,VXV17995,SAMN44768951,human skin metagenome,SAMN44768951,44768951
SRS24336596,VXV17993,SAMN44768950,human skin metagenome,SAMN44768950,44768950
SRS24336595,VXV17992,SAMN44768949,human skin metagenome,SAMN44768949,44768949
SRS24336592,VXV17991,SAMN44768948,human skin metagenome,SAMN44768948,44768948
SRS24336593,VXV17990,SAMN44768947,human skin metagenome,SAMN44768947,44768947
SRS24336591,VXV17984,SAMN44768946,human skin metagenome,SAMN44768946,44768946
SRS24336590,VXV17983,SAMN44768945,human skin metagenome,SAMN44768945,44768945
SRS24336589,VXV17982,SAMN44768944,human skin metagenome,SAMN44768944,44768944
SRS24336588,VXV17981,SAMN44768943,human skin metagenome,SAMN44768943,44768943
SRS24336587,VXV17979,SAMN44768942,human skin metagenome,SAMN44768942,44768942
SRS24336418,VXV17978,SAMN44768941,human skin metagenome,SAMN44768941,44768941
SRS24336416,VXV17975,SAMN44768940,human skin metagenome,SAMN44768940,44768940
SRS24336417,VXV17974,SAMN44768939,human skin metagenome,SAMN44768939,44768939
SRS24336414,VXV17973,SAMN44768938,human skin metagenome,SAMN44768938,44768938
SRS24336411,VXV17969,SAMN44768937,human skin metagenome,SAMN44768937,44768937
SRS24336413,VXV17968,SAMN44768936,human skin metagenome,SAMN44768936,44768936
SRS24336412,VXV17967,SAMN44768935,human skin metagenome,SAMN44768935,44768935
SRS24336410,VXV17966,SAMN44768934,human skin metagenome,SAMN44768934,44768934
SRS24336409,VXV17965,SAMN44768933,human skin metagenome,SAMN44768933,44768933
SRS24336408,VXV17964,SAMN44768932,human skin metagenome,SAMN44768932,44768932
SRS24336406,VXV17963,SAMN44768931,human skin metagenome,SAMN44768931,44768931
SRS24336407,VXV17962,SAMN44768930,human skin metagenome,SAMN44768930,44768930
SRS24336405,VXV17961,SAMN44768929,human skin metagenome,SAMN44768929,44768929
SRS24336403,VXV17960,SAMN44768928,human skin metagenome,SAMN44768928,44768928
SRS24336401,VXV17959,SAMN44768927,human skin metagenome,SAMN44768927,44768927
SRS24336402,VXV17958,SAMN44768926,human skin metagenome,SAMN44768926,44768926
SRS24336400,VXV17957,SAMN44768925,human skin metagenome,SAMN44768925,44768925
SRS24336399,VXV17956,SAMN44768924,human skin metagenome,SAMN44768924,44768924
SRS24336398,VXV17954,SAMN44768923,human skin metagenome,SAMN44768923,44768923
SRS24336397,VXV17953,SAMN44768922,human skin metagenome,SAMN44768922,44768922
SRS24336396,VXV17952,SAMN44768921,human skin metagenome,SAMN44768921,44768921
SRS24336394,VXV17951,SAMN44768920,human skin metagenome,SAMN44768920,44768920
SRS24336395,VXV17950,SAMN44768919,human skin metagenome,SAMN44768919,44768919
SRS24336758,VXV17949,SAMN44768918,human skin metagenome,SAMN44768918,44768918
SRS24336760,VXV17948,SAMN44768917,human skin metagenome,SAMN44768917,44768917
SRS24336757,VXV17946,SAMN44768916,human skin metagenome,SAMN44768916,44768916
SRS24336755,VXV17945,SAMN44768915,human skin metagenome,SAMN44768915,44768915
SRS24336843,VXV17941,SAMN44768914,human skin metagenome,SAMN44768914,44768914
SRS24336840,VXV17940,SAMN44768913,human skin metagenome,SAMN44768913,44768913
SRS24336841,VXV17939,SAMN44768912,human skin metagenome,SAMN44768912,44768912
SRS24336839,VXV17938,SAMN44768911,human skin metagenome,SAMN44768911,44768911
SRS24336838,VXV17937,SAMN44768910,human skin metagenome,SAMN44768910,44768910
SRS24336836,VXV14312,SAMN44768909,human skin metagenome,SAMN44768909,44768909
SRS24336835,VXV06895,SAMN44768888,human skin metagenome,SAMN44768888,44768888
SRS24336834,VXV06808,SAMN44768887,human skin metagenome,SAMN44768887,44768887
SRS24336832,VXV06807,SAMN44768886,human skin metagenome,SAMN44768886,44768886
SRS24336831,VXV06806,SAMN44768885,human skin metagenome,SAMN44768885,44768885
SRS24336833,VXV06805,SAMN44768884,human skin metagenome,SAMN44768884,44768884
SRS24336830,VXV06804,SAMN44768883,human skin metagenome,SAMN44768883,44768883
SRS24336829,VXV06802,SAMN44768882,human skin metagenome,SAMN44768882,44768882
SRS24336827,VXV06800,SAMN44768881,human skin metagenome,SAMN44768881,44768881
SRS24336828,VXV06799,SAMN44768880,human skin metagenome,SAMN44768880,44768880
SRS24336825,VXV06798,SAMN44768879,human skin metagenome,SAMN44768879,44768879
SRS24336826,VXV06797,SAMN44768878,human skin metagenome,SAMN44768878,44768878
SRS24336823,VXV06796,SAMN44768877,human skin metagenome,SAMN44768877,44768877
SRS24336820,VXV06794,SAMN44768876,human skin metagenome,SAMN44768876,44768876
SRS24336821,VXV06792,SAMN44768875,human skin metagenome,SAMN44768875,44768875
SRS24336822,VXV06791,SAMN44768874,human skin metagenome,SAMN44768874,44768874
SRS24336818,VXV06788,SAMN44768873,human skin metagenome,SAMN44768873,44768873
SRS24336819,VXV06786,SAMN44768872,human skin metagenome,SAMN44768872,44768872
SRS24336817,VXV06784,SAMN44768871,human skin metagenome,SAMN44768871,44768871
SRS24336816,VXV06783,SAMN44768870,human skin metagenome,SAMN44768870,44768870
SRS24336814,VXV06782,SAMN44768869,human skin metagenome,SAMN44768869,44768869
SRS24336754,VXV06781,SAMN44768868,human skin metagenome,SAMN44768868,44768868
SRS24336751,VXV06780,SAMN44768867,human skin metagenome,SAMN44768867,44768867
SRS24336752,VXV06778,SAMN44768866,human skin metagenome,SAMN44768866,44768866
SRS24336750,VXV06774,SAMN44768865,human skin metagenome,SAMN44768865,44768865
SRS24336748,VXV06773,SAMN44768864,human skin metagenome,SAMN44768864,44768864
SRS24336747,VXV06772,SAMN44768863,human skin metagenome,SAMN44768863,44768863
SRS24336746,VXV06760,SAMN44768862,human skin metagenome,SAMN44768862,44768862
SRS24336745,VXV06759,SAMN44768861,human skin metagenome,SAMN44768861,44768861
SRS24336749,VXV06758,SAMN44768860,human skin metagenome,SAMN44768860,44768860
SRS24336743,VXV06757,SAMN44768859,human skin metagenome,SAMN44768859,44768859
SRS24336742,VXV06756,SAMN44768858,human skin metagenome,SAMN44768858,44768858
SRS24336740,VXV06754,SAMN44768857,human skin metagenome,SAMN44768857,44768857
SRS24336741,VXV06684,SAMN44768856,human skin metagenome,SAMN44768856,44768856
SRS24336739,VXV06683,SAMN44768855,human skin metagenome,SAMN44768855,44768855
SRS24336738,VXV06682,SAMN44768854,human skin metagenome,SAMN44768854,44768854
SRS24336736,VXV06681,SAMN44768853,human skin metagenome,SAMN44768853,44768853
SRS24336737,VXV06680,SAMN44768852,human skin metagenome,SAMN44768852,44768852
SRS24336735,VXV06679,SAMN44768851,human skin metagenome,SAMN44768851,44768851
SRS24336733,VXV06677,SAMN44768850,human skin metagenome,SAMN44768850,44768850
SRS24336734,VXV06676,SAMN44768849,human skin metagenome,SAMN44768849,44768849
SRS24336732,VXV06675,SAMN44768848,human skin metagenome,SAMN44768848,44768848
SRS24336730,VXV06674,SAMN44768847,human skin metagenome,SAMN44768847,44768847
SRS24336580,VXV06673,SAMN44768846,human skin metagenome,SAMN44768846,44768846
SRS24336569,VXV06672,SAMN44768845,human skin metagenome,SAMN44768845,44768845
SRS24336528,VXV06670,SAMN44768844,human skin metagenome,SAMN44768844,44768844
SRS24336519,VXV06669,SAMN44768843,human skin metagenome,SAMN44768843,44768843
SRS24336508,VXV06668,SAMN44768842,human skin metagenome,SAMN44768842,44768842
SRS24336809,VXV06667,SAMN44768841,human skin metagenome,SAMN44768841,44768841
SRS24336798,VXV06666,SAMN44768840,human skin metagenome,SAMN44768840,44768840
SRS24336724,VXV06665,SAMN44768839,human skin metagenome,SAMN44768839,44768839
SRS24336714,VXV06663,SAMN44768838,human skin metagenome,SAMN44768838,44768838
SRS24336704,VXV06662,SAMN44768837,human skin metagenome,SAMN44768837,44768837
SRS24336496,VXV06661,SAMN44768836,human skin metagenome,SAMN44768836,44768836
SRS24336485,VXV06660,SAMN44768835,human skin metagenome,SAMN44768835,44768835
SRS24336785,VXV06659,SAMN44768834,human skin metagenome,SAMN44768834,44768834
SRS24336774,VXV06658,SAMN44768833,human skin metagenome,SAMN44768833,44768833
SRS24336763,VXV04787,SAMN44768832,human skin metagenome,SAMN44768832,44768832
SRS24336693,VXV04786,SAMN44768831,human skin metagenome,SAMN44768831,44768831
SRS24336682,VXV04785,SAMN44768830,human skin metagenome,SAMN44768830,44768830
SRS24336670,VXV04783,SAMN44768829,human skin metagenome,SAMN44768829,44768829
SRS24336547,VXV04776,SAMN44768828,human skin metagenome,SAMN44768828,44768828
SRS24336535,VXV04775,SAMN44768827,human skin metagenome,SAMN44768827,44768827
SRS24336468,VXV04774,SAMN44768826,human skin metagenome,SAMN44768826,44768826
SRS24336458,VXV04773,SAMN44768825,human skin metagenome,SAMN44768825,44768825
SRS24336447,VXV04772,SAMN44768824,human skin metagenome,SAMN44768824,44768824
SRS24336632,VXV04770,SAMN44768823,human skin metagenome,SAMN44768823,44768823
SRS24336622,VXV04769,SAMN44768822,human skin metagenome,SAMN44768822,44768822
SRS24336440,VXV04768,SAMN44768821,human skin metagenome,SAMN44768821,44768821
SRS24336431,VXV04767,SAMN44768820,human skin metagenome,SAMN44768820,44768820
SRS24336420,VXV04766,SAMN44768819,human skin metagenome,SAMN44768819,44768819
SRS24336860,VXV04764,SAMN44768818,human skin metagenome,SAMN44768818,44768818
SRS24336850,VXV04763,SAMN44768817,human skin metagenome,SAMN44768817,44768817
SRS24336667,VXV04762,SAMN44768816,human skin metagenome,SAMN44768816,44768816
SRS24336654,VXV04761,SAMN44768815,human skin metagenome,SAMN44768815,44768815
SRS24336644,VXV04760,SAMN44768814,human skin metagenome,SAMN44768814,44768814
SRS24336605,VXV04758,SAMN44768813,human skin metagenome,SAMN44768813,44768813
SRS24336594,VXV04757,SAMN44768812,human skin metagenome,SAMN44768812,44768812
SRS24336415,VXV04756,SAMN44768811,human skin metagenome,SAMN44768811,44768811
SRS24336404,VXV04755,SAMN44768810,human skin metagenome,SAMN44768810,44768810
SRS24336393,VXV04754,SAMN44768809,human skin metagenome,SAMN44768809,44768809
SRS24336837,VXV04752,SAMN44768808,human skin metagenome,SAMN44768808,44768808
SRS24336824,VXV04751,SAMN44768807,human skin metagenome,SAMN44768807,44768807
SRS24336753,VXV04750,SAMN44768806,human skin metagenome,SAMN44768806,44768806
SRS24336744,VXV04749,SAMN44768805,human skin metagenome,SAMN44768805,44768805
SRS24336731,VXV04748,SAMN44768804,human skin metagenome,SAMN44768804,44768804
SRS24336726,VXV04746,SAMN44768803,human skin metagenome,SAMN44768803,44768803
SRS24336557,VXV04745,SAMN44768802,human skin metagenome,SAMN44768802,44768802
SRS24336419,VXV04744,SAMN44768801,human skin metagenome,SAMN44768801,44768801
SRS24336391,VXV04743,SAMN44768800,human skin metagenome,SAMN44768800,44768800
SRS24336392,VXV04742,SAMN44768799,human skin metagenome,SAMN44768799,44768799
SRS23913277,Met8467,SAMN44607334,human skin metagenome,SAMN44607334,44607334
SRS23913276,Met8466,SAMN44607333,human skin metagenome,SAMN44607333,44607333
SRS23913275,Met8465,SAMN44607332,human skin metagenome,SAMN44607332,44607332
SRS23913274,Met8464,SAMN44607331,human skin metagenome,SAMN44607331,44607331
SRS23913273,Met8463,SAMN44607330,human skin metagenome,SAMN44607330,44607330
SRS23913272,Met8461,SAMN44607329,human skin metagenome,SAMN44607329,44607329
SRS23913271,Met8460,SAMN44607328,human skin metagenome,SAMN44607328,44607328
SRS23913325,Met8459,SAMN44607327,human skin metagenome,SAMN44607327,44607327
SRS23913324,Met8458,SAMN44607326,human skin metagenome,SAMN44607326,44607326
SRS23913323,Met8457,SAMN44607325,human skin metagenome,SAMN44607325,44607325
SRS23913322,Met8454,SAMN44607324,human skin metagenome,SAMN44607324,44607324
SRS23913321,Met8453,SAMN44607323,human skin metagenome,SAMN44607323,44607323
SRS23913320,Met8452,SAMN44607322,human skin metagenome,SAMN44607322,44607322
SRS23913319,Met8451,SAMN44607321,human skin metagenome,SAMN44607321,44607321
SRS23913318,Met8450,SAMN44607320,human skin metagenome,SAMN44607320,44607320
SRS23913317,Met8448,SAMN44607319,human skin metagenome,SAMN44607319,44607319
SRS23913316,Met8447,SAMN44607318,human skin metagenome,SAMN44607318,44607318
SRS23913315,Met8446,SAMN44607317,human skin metagenome,SAMN44607317,44607317
SRS23913314,Met8445,SAMN44607316,human skin metagenome,SAMN44607316,44607316
SRS23913313,Met8444,SAMN44607315,human skin metagenome,SAMN44607315,44607315
SRS23913312,Met8442,SAMN44607314,human skin metagenome,SAMN44607314,44607314
SRS23913311,Met8441,SAMN44607313,human skin metagenome,SAMN44607313,44607313
SRS23913310,Met8439,SAMN44607312,human skin metagenome,SAMN44607312,44607312
SRS23913309,Met8438,SAMN44607311,human skin metagenome,SAMN44607311,44607311
SRS23913308,Met8437,SAMN44607310,human skin metagenome,SAMN44607310,44607310
SRS23913307,Met8435,SAMN44607309,human skin metagenome,SAMN44607309,44607309
SRS23913306,Met8434,SAMN44607308,human skin metagenome,SAMN44607308,44607308
SRS23913305,Met8433,SAMN44607307,human skin metagenome,SAMN44607307,44607307
SRS23913304,Met8432,SAMN44607306,human skin metagenome,SAMN44607306,44607306
SRS23913303,Met8431,SAMN44607305,human skin metagenome,SAMN44607305,44607305
SRS23913302,Met8429,SAMN44607304,human skin metagenome,SAMN44607304,44607304
SRS23913301,Met8428,SAMN44607303,human skin metagenome,SAMN44607303,44607303
SRS23913300,Met8427,SAMN44607302,human skin metagenome,SAMN44607302,44607302
SRS23913299,Met8426,SAMN44607301,human skin metagenome,SAMN44607301,44607301
SRS23913249,Met8425,SAMN44607300,human skin metagenome,SAMN44607300,44607300
SRS23913248,Met8383,SAMN44607299,human skin metagenome,SAMN44607299,44607299
SRS23913247,Met8382,SAMN44607298,human skin metagenome,SAMN44607298,44607298
SRS23913298,Met8381,SAMN44607297,human skin metagenome,SAMN44607297,44607297
SRS23913297,Met8380,SAMN44607296,human skin metagenome,SAMN44607296,44607296
SRS23913296,Met8379,SAMN44607295,human skin metagenome,SAMN44607295,44607295
SRS23913295,Met8378,SAMN44607294,human skin metagenome,SAMN44607294,44607294
SRS23913294,Met8377,SAMN44607293,human skin metagenome,SAMN44607293,44607293
SRS23913293,Met8376,SAMN44607292,human skin metagenome,SAMN44607292,44607292
SRS23913292,Met8374,SAMN44607291,human skin metagenome,SAMN44607291,44607291
SRS23913291,Met8373,SAMN44607290,human skin metagenome,SAMN44607290,44607290
SRS23913290,Met8372,SAMN44607289,human skin metagenome,SAMN44607289,44607289
SRS23913289,Met8371,SAMN44607288,human skin metagenome,SAMN44607288,44607288
SRS23913288,Met8370,SAMN44607287,human skin metagenome,SAMN44607287,44607287
SRS23913287,Met8369,SAMN44607286,human skin metagenome,SAMN44607286,44607286
SRS23913286,Met8368,SAMN44607285,human skin metagenome,SAMN44607285,44607285
SRS23913285,Met8365,SAMN44607284,human skin metagenome,SAMN44607284,44607284
SRS23913284,Met8364,SAMN44607283,human skin metagenome,SAMN44607283,44607283
SRS23913283,Met8363,SAMN44607282,human skin metagenome,SAMN44607282,44607282
SRS23913282,Met8362,SAMN44607281,human skin metagenome,SAMN44607281,44607281
SRS23913281,Met8361,SAMN44607280,human skin metagenome,SAMN44607280,44607280
SRS23913280,Met8360,SAMN44607279,human skin metagenome,SAMN44607279,44607279
SRS23913279,Met8359,SAMN44607278,human skin metagenome,SAMN44607278,44607278
SRS23913278,Met8358,SAMN44607277,human skin metagenome,SAMN44607277,44607277
SRS23913270,Met8356,SAMN44607276,human skin metagenome,SAMN44607276,44607276
SRS23913269,Met8355,SAMN44607275,human skin metagenome,SAMN44607275,44607275
SRS23913268,Met8354,SAMN44607274,human skin metagenome,SAMN44607274,44607274
SRS23913267,Met8353,SAMN44607273,human skin metagenome,SAMN44607273,44607273
SRS23913266,Met8352,SAMN44607272,human skin metagenome,SAMN44607272,44607272
SRS23913265,Met8351,SAMN44607271,human skin metagenome,SAMN44607271,44607271
SRS23913264,Met8350,SAMN44607270,human skin metagenome,SAMN44607270,44607270
SRS23913263,Met8349,SAMN44607269,human skin metagenome,SAMN44607269,44607269
SRS23913262,Met8347,SAMN44607268,human skin metagenome,SAMN44607268,44607268
SRS23913261,Met8345,SAMN44607267,human skin metagenome,SAMN44607267,44607267
SRS23913260,Met8344,SAMN44607266,human skin metagenome,SAMN44607266,44607266
SRS23913259,Met8343,SAMN44607265,human skin metagenome,SAMN44607265,44607265
SRS23913258,Met8342,SAMN44607264,human skin metagenome,SAMN44607264,44607264
SRS23913257,Met8341,SAMN44607263,human skin metagenome,SAMN44607263,44607263
SRS23913256,Met8340,SAMN44607262,human skin metagenome,SAMN44607262,44607262
SRS23913255,Met8339,SAMN44607261,human skin metagenome,SAMN44607261,44607261
SRS23913254,Met8337,SAMN44607260,human skin metagenome,SAMN44607260,44607260
SRS23913253,Met8336,SAMN44607259,human skin metagenome,SAMN44607259,44607259
SRS23913252,Met8335,SAMN44607258,human skin metagenome,SAMN44607258,44607258
SRS23913251,Met8334,SAMN44607257,human skin metagenome,SAMN44607257,44607257
SRS23913250,Met8333,SAMN44607256,human skin metagenome,SAMN44607256,44607256
SRS23894346,Met8332,SAMN44607255,human skin metagenome,SAMN44607255,44607255
SRS23894344,Met8331,SAMN44607254,human skin metagenome,SAMN44607254,44607254
SRS23894345,Met8330,SAMN44607253,human skin metagenome,SAMN44607253,44607253
SRS23894343,Met8328,SAMN44607252,human skin metagenome,SAMN44607252,44607252
SRS23894417,Met8327,SAMN44607251,human skin metagenome,SAMN44607251,44607251
SRS23894419,Met8325,SAMN44607250,human skin metagenome,SAMN44607250,44607250
SRS23894415,Met8324,SAMN44607249,human skin metagenome,SAMN44607249,44607249
SRS23894416,Met8323,SAMN44607248,human skin metagenome,SAMN44607248,44607248
SRS23894414,Met8322,SAMN44607247,human skin metagenome,SAMN44607247,44607247
SRS23894412,Met8320,SAMN44607246,human skin metagenome,SAMN44607246,44607246
SRS23894411,Met8319,SAMN44607245,human skin metagenome,SAMN44607245,44607245
SRS23894413,Met8317,SAMN44607244,human skin metagenome,SAMN44607244,44607244
SRS23894409,Met8316,SAMN44607243,human skin metagenome,SAMN44607243,44607243
SRS23894410,Met8315,SAMN44607242,human skin metagenome,SAMN44607242,44607242
SRS23894408,Met8314,SAMN44607241,human skin metagenome,SAMN44607241,44607241
SRS23894407,Met8313,SAMN44607240,human skin metagenome,SAMN44607240,44607240
SRS23894406,Met8312,SAMN44607239,human skin metagenome,SAMN44607239,44607239
SRS23894405,Met8311,SAMN44607238,human skin metagenome,SAMN44607238,44607238
SRS23894404,Met8310,SAMN44607237,human skin metagenome,SAMN44607237,44607237
SRS23894402,Met8308,SAMN44607236,human skin metagenome,SAMN44607236,44607236
SRS23894403,Met8307,SAMN44607235,human skin metagenome,SAMN44607235,44607235
SRS23894400,Met8306,SAMN44607234,human skin metagenome,SAMN44607234,44607234
SRS23894399,Met8304,SAMN44607233,human skin metagenome,SAMN44607233,44607233
SRS23894398,Met8303,SAMN44607232,human skin metagenome,SAMN44607232,44607232
SRS23894397,Met8302,SAMN44607231,human skin metagenome,SAMN44607231,44607231
SRS23894396,Met8301,SAMN44607230,human skin metagenome,SAMN44607230,44607230
SRS23894401,Met8300,SAMN44607229,human skin metagenome,SAMN44607229,44607229
SRS23894395,Met8298,SAMN44607228,human skin metagenome,SAMN44607228,44607228
SRS23894394,Met8297,SAMN44607227,human skin metagenome,SAMN44607227,44607227
SRS23894393,Met8296,SAMN44607226,human skin metagenome,SAMN44607226,44607226
SRS23894391,Met8295,SAMN44607225,human skin metagenome,SAMN44607225,44607225
SRS23894392,Met8294,SAMN44607224,human skin metagenome,SAMN44607224,44607224
SRS23894390,Met8293,SAMN44607223,human skin metagenome,SAMN44607223,44607223
SRS23894388,Met8292,SAMN44607222,human skin metagenome,SAMN44607222,44607222
SRS23894389,Met8291,SAMN44607221,human skin metagenome,SAMN44607221,44607221
SRS23894387,Met8289,SAMN44607220,human skin metagenome,SAMN44607220,44607220
SRS23894385,Met8288,SAMN44607219,human skin metagenome,SAMN44607219,44607219
SRS23894386,Met8287,SAMN44607218,human skin metagenome,SAMN44607218,44607218
SRS23894384,Met8286,SAMN44607217,human skin metagenome,SAMN44607217,44607217
SRS23894382,Met8284,SAMN44607216,human skin metagenome,SAMN44607216,44607216
SRS23894383,Met8283,SAMN44607215,human skin metagenome,SAMN44607215,44607215
SRS23894381,Met8282,SAMN44607214,human skin metagenome,SAMN44607214,44607214
SRS23894379,Met8281,SAMN44607213,human skin metagenome,SAMN44607213,44607213
SRS23894380,Met8279,SAMN44607212,human skin metagenome,SAMN44607212,44607212
SRS23894378,Met8278,SAMN44607211,human skin metagenome,SAMN44607211,44607211
SRS23894377,Met8277,SAMN44607210,human skin metagenome,SAMN44607210,44607210
SRS23894374,Met8276,SAMN44607209,human skin metagenome,SAMN44607209,44607209
SRS23894376,Met8275,SAMN44607208,human skin metagenome,SAMN44607208,44607208
SRS23894373,Met8274,SAMN44607207,human skin metagenome,SAMN44607207,44607207
SRS23894375,Met8273,SAMN44607206,human skin metagenome,SAMN44607206,44607206
SRS23894372,Met8272,SAMN44607205,human skin metagenome,SAMN44607205,44607205
SRS23894371,Met8270,SAMN44607204,human skin metagenome,SAMN44607204,44607204
SRS23894370,Met8269,SAMN44607203,human skin metagenome,SAMN44607203,44607203
SRS23894368,Met8268,SAMN44607202,human skin metagenome,SAMN44607202,44607202
SRS23894369,Met8267,SAMN44607201,human skin metagenome,SAMN44607201,44607201
SRS23894366,Met8266,SAMN44607200,human skin metagenome,SAMN44607200,44607200
SRS23894367,Met8264,SAMN44607199,human skin metagenome,SAMN44607199,44607199
SRS23894364,Met8263,SAMN44607198,human skin metagenome,SAMN44607198,44607198
SRS23894363,Met8261,SAMN44607197,human skin metagenome,SAMN44607197,44607197
SRS23894362,Met8260,SAMN44607196,human skin metagenome,SAMN44607196,44607196
SRS23894365,Met8259,SAMN44607195,human skin metagenome,SAMN44607195,44607195
SRS23894361,Met8258,SAMN44607194,human skin metagenome,SAMN44607194,44607194
SRS23894359,Met8257,SAMN44607193,human skin metagenome,SAMN44607193,44607193
SRS23894360,Met8256,SAMN44607192,human skin metagenome,SAMN44607192,44607192
SRS23894356,Met8255,SAMN44607191,human skin metagenome,SAMN44607191,44607191
SRS23894357,Met8254,SAMN44607190,human skin metagenome,SAMN44607190,44607190
SRS23894358,Met8252,SAMN44607189,human skin metagenome,SAMN44607189,44607189
SRS23894355,Met8251,SAMN44607188,human skin metagenome,SAMN44607188,44607188
SRS23894354,Met8250,SAMN44607187,human skin metagenome,SAMN44607187,44607187
SRS23894353,Met8249,SAMN44607186,human skin metagenome,SAMN44607186,44607186
SRS23894352,Met8248,SAMN44607185,human skin metagenome,SAMN44607185,44607185
SRS23894351,Met8247,SAMN44607184,human skin metagenome,SAMN44607184,44607184
SRS23894350,Met8246,SAMN44607183,human skin metagenome,SAMN44607183,44607183
SRS23894349,Met8244,SAMN44607182,human skin metagenome,SAMN44607182,44607182
SRS23894348,Met8242,SAMN44607181,human skin metagenome,SAMN44607181,44607181
SRS23894347,Met8241,SAMN44607180,human skin metagenome,SAMN44607180,44607180
SRS23894342,Met8240,SAMN44607179,human skin metagenome,SAMN44607179,44607179
SRS23894341,Met8239,SAMN44607178,human skin metagenome,SAMN44607178,44607178
SRS23894340,Met8238,SAMN44607177,human skin metagenome,SAMN44607177,44607177
SRS23892108,Met8237,SAMN44607176,human skin metagenome,SAMN44607176,44607176
SRS23892107,Met8236,SAMN44607175,human skin metagenome,SAMN44607175,44607175
SRS23892106,Met8235,SAMN44607174,human skin metagenome,SAMN44607174,44607174
SRS23892105,Met8233,SAMN44607173,human skin metagenome,SAMN44607173,44607173
SRS23892104,Met8232,SAMN44607172,human skin metagenome,SAMN44607172,44607172
SRS23892103,Met8231,SAMN44607171,human skin metagenome,SAMN44607171,44607171
SRS23892101,Met8230,SAMN44607170,human skin metagenome,SAMN44607170,44607170
SRS23892077,Met8229,SAMN44607169,human skin metagenome,SAMN44607169,44607169
SRS23892076,Met8228,SAMN44607168,human skin metagenome,SAMN44607168,44607168
SRS23892074,Met8227,SAMN44607167,human skin metagenome,SAMN44607167,44607167
SRS23892075,Met8226,SAMN44607166,human skin metagenome,SAMN44607166,44607166
SRS23892073,Met5930,SAMN44607165,human skin metagenome,SAMN44607165,44607165
SRS23892072,Met5929,SAMN44607164,human skin metagenome,SAMN44607164,44607164
SRS23892071,Met5928,SAMN44607163,human skin metagenome,SAMN44607163,44607163
SRS23892070,Met5927,SAMN44607162,human skin metagenome,SAMN44607162,44607162
SRS23892069,Met5924,SAMN44607161,human skin metagenome,SAMN44607161,44607161
SRS23892068,Met5923,SAMN44607160,human skin metagenome,SAMN44607160,44607160
SRS23892067,Met5922,SAMN44607159,human skin metagenome,SAMN44607159,44607159
SRS23892066,Met5921,SAMN44607158,human skin metagenome,SAMN44607158,44607158
SRS23892065,Met5920,SAMN44607157,human skin metagenome,SAMN44607157,44607157
SRS23892064,Met5919,SAMN44607156,human skin metagenome,SAMN44607156,44607156
SRS23892063,Met5918,SAMN44607155,human skin metagenome,SAMN44607155,44607155
SRS23892062,Met5917,SAMN44607154,human skin metagenome,SAMN44607154,44607154
SRS23892061,Met5916,SAMN44607153,human skin metagenome,SAMN44607153,44607153
SRS23892060,Met5915,SAMN44607152,human skin metagenome,SAMN44607152,44607152
SRS23892059,Met5913,SAMN44607151,human skin metagenome,SAMN44607151,44607151
SRS23892058,Met5912,SAMN44607150,human skin metagenome,SAMN44607150,44607150
SRS23892057,Met5911,SAMN44607149,human skin metagenome,SAMN44607149,44607149
SRS23892056,Met5910,SAMN44607148,human skin metagenome,SAMN44607148,44607148
SRS23892055,Met5909,SAMN44607147,human skin metagenome,SAMN44607147,44607147
SRS23892054,Met5908,SAMN44607146,human skin metagenome,SAMN44607146,44607146
SRS23892102,Met5907,SAMN44607145,human skin metagenome,SAMN44607145,44607145
SRS23892100,Met5906,SAMN44607144,human skin metagenome,SAMN44607144,44607144
SRS23892098,Met5905,SAMN44607143,human skin metagenome,SAMN44607143,44607143
SRS23892099,Met5904,SAMN44607142,human skin metagenome,SAMN44607142,44607142
SRS23892097,Met5903,SAMN44607141,human skin metagenome,SAMN44607141,44607141
SRS23892096,Met5902,SAMN44607140,human skin metagenome,SAMN44607140,44607140
SRS23892094,Met5901,SAMN44607139,human skin metagenome,SAMN44607139,44607139
SRS23892095,Met5900,SAMN44607138,human skin metagenome,SAMN44607138,44607138
SRS23892093,Met5899,SAMN44607137,human skin metagenome,SAMN44607137,44607137
SRS23892091,Met5897,SAMN44607136,human skin metagenome,SAMN44607136,44607136
SRS23892092,Met5896,SAMN44607135,human skin metagenome,SAMN44607135,44607135
SRS23892090,Met5895,SAMN44607134,human skin metagenome,SAMN44607134,44607134
SRS23892088,Met5894,SAMN44607133,human skin metagenome,SAMN44607133,44607133
SRS23892089,Met5893,SAMN44607132,human skin metagenome,SAMN44607132,44607132
SRS23892087,Met5892,SAMN44607131,human skin metagenome,SAMN44607131,44607131
SRS23892085,Met5891,SAMN44607130,human skin metagenome,SAMN44607130,44607130
SRS23892086,Met5890,SAMN44607129,human skin metagenome,SAMN44607129,44607129
SRS23892084,Met5889,SAMN44607128,human skin metagenome,SAMN44607128,44607128
SRS23892083,Met5888,SAMN44607127,human skin metagenome,SAMN44607127,44607127
SRS23892082,Met5887,SAMN44607126,human skin metagenome,SAMN44607126,44607126
SRS23892081,Met5886,SAMN44607125,human skin metagenome,SAMN44607125,44607125
SRS23892080,Met5885,SAMN44607124,human skin metagenome,SAMN44607124,44607124
SRS23892079,Met5884,SAMN44607123,human skin metagenome,SAMN44607123,44607123
SRS23892078,Met5883,SAMN44607122,human skin metagenome,SAMN44607122,44607122
SRS23892053,Met5882,SAMN44607121,human skin metagenome,SAMN44607121,44607121
SRS23892052,Met5881,SAMN44607120,human skin metagenome,SAMN44607120,44607120
SRS23892051,Met5879,SAMN44607119,human skin metagenome,SAMN44607119,44607119
SRS23892050,Met5878,SAMN44607118,human skin metagenome,SAMN44607118,44607118
SRS23892049,Met5877,SAMN44607117,human skin metagenome,SAMN44607117,44607117
SRS23892048,Met5876,SAMN44607116,human skin metagenome,SAMN44607116,44607116
SRS23892047,Met5875,SAMN44607115,human skin metagenome,SAMN44607115,44607115
SRS23892046,Met5874,SAMN44607114,human skin metagenome,SAMN44607114,44607114
SRS23892045,Met5873,SAMN44607113,human skin metagenome,SAMN44607113,44607113
SRS23892044,Met5872,SAMN44607112,human skin metagenome,SAMN44607112,44607112
SRS23892043,Met5871,SAMN44607111,human skin metagenome,SAMN44607111,44607111
SRS23892042,Met5870,SAMN44607110,human skin metagenome,SAMN44607110,44607110
SRS23892041,Met5869,SAMN44607109,human skin metagenome,SAMN44607109,44607109
SRS23892040,Met5868,SAMN44607108,human skin metagenome,SAMN44607108,44607108
SRS23892039,Met5867,SAMN44607107,human skin metagenome,SAMN44607107,44607107
SRS23892038,Met5866,SAMN44607106,human skin metagenome,SAMN44607106,44607106
SRS23892037,Met5865,SAMN44607105,human skin metagenome,SAMN44607105,44607105
SRS23892036,Met5864,SAMN44607104,human skin metagenome,SAMN44607104,44607104
SRS23892035,Met5863,SAMN44607103,human skin metagenome,SAMN44607103,44607103
SRS23892034,Met5861,SAMN44607102,human skin metagenome,SAMN44607102,44607102
SRS23892033,Met5860,SAMN44607101,human skin metagenome,SAMN44607101,44607101
SRS23892032,Met5859,SAMN44607100,human skin metagenome,SAMN44607100,44607100
SRS23892031,Met5858,SAMN44607099,human skin metagenome,SAMN44607099,44607099
SRS23892030,Met5857,SAMN44607098,human skin metagenome,SAMN44607098,44607098
SRS23889753,Met5856,SAMN44607097,human skin metagenome,SAMN44607097,44607097
SRS23889749,Met5855,SAMN44607096,human skin metagenome,SAMN44607096,44607096
SRS23889748,Met5854,SAMN44607095,human skin metagenome,SAMN44607095,44607095
SRS23889747,Met5853,SAMN44607094,human skin metagenome,SAMN44607094,44607094
SRS23889746,Met5852,SAMN44607093,human skin metagenome,SAMN44607093,44607093
SRS23889745,Met5851,SAMN44607092,human skin metagenome,SAMN44607092,44607092
SRS23889744,Met5850,SAMN44607091,human skin metagenome,SAMN44607091,44607091
SRS23889743,Met5849,SAMN44607090,human skin metagenome,SAMN44607090,44607090
SRS23889741,Met5848,SAMN44607089,human skin metagenome,SAMN44607089,44607089
SRS23889740,Met5846,SAMN44607088,human skin metagenome,SAMN44607088,44607088
SRS23889739,Met5845,SAMN44607087,human skin metagenome,SAMN44607087,44607087
SRS23889738,Met5844,SAMN44607086,human skin metagenome,SAMN44607086,44607086
SRS23889737,Met5843,SAMN44607085,human skin metagenome,SAMN44607085,44607085
SRS23889735,Met5841,SAMN44607084,human skin metagenome,SAMN44607084,44607084
SRS23889733,Met5840,SAMN44607083,human skin metagenome,SAMN44607083,44607083
SRS23889734,Met5839,SAMN44607082,human skin metagenome,SAMN44607082,44607082
SRS23889731,Met5838,SAMN44607081,human skin metagenome,SAMN44607081,44607081
SRS23889732,Met5837,SAMN44607080,human skin metagenome,SAMN44607080,44607080
SRS23889730,Met5836,SAMN44607079,human skin metagenome,SAMN44607079,44607079
SRS23889729,Met5835,SAMN44607078,human skin metagenome,SAMN44607078,44607078
SRS23889728,Met5834,SAMN44607077,human skin metagenome,SAMN44607077,44607077
SRS23889727,Met5833,SAMN44607076,human skin metagenome,SAMN44607076,44607076
SRS23889724,Met5832,SAMN44607075,human skin metagenome,SAMN44607075,44607075
SRS23889725,Met5831,SAMN44607074,human skin metagenome,SAMN44607074,44607074
SRS23889723,Met5829,SAMN44607073,human skin metagenome,SAMN44607073,44607073
SRS23889722,Met5828,SAMN44607072,human skin metagenome,SAMN44607072,44607072
SRS23889718,Met5827,SAMN44607071,human skin metagenome,SAMN44607071,44607071
SRS23889721,Met5826,SAMN44607070,human skin metagenome,SAMN44607070,44607070
SRS23889691,Met5825,SAMN44607069,human skin metagenome,SAMN44607069,44607069
SRS23889692,Met5824,SAMN44607068,human skin metagenome,SAMN44607068,44607068
SRS23889690,Met5823,SAMN44607067,human skin metagenome,SAMN44607067,44607067
SRS23889689,Met5822,SAMN44607066,human skin metagenome,SAMN44607066,44607066
SRS23889688,Met5821,SAMN44607065,human skin metagenome,SAMN44607065,44607065
SRS23889686,Met5820,SAMN44607064,human skin metagenome,SAMN44607064,44607064
SRS23889685,Met5819,SAMN44607063,human skin metagenome,SAMN44607063,44607063
SRS23889684,Met5818,SAMN44607062,human skin metagenome,SAMN44607062,44607062
SRS23889683,Met5817,SAMN44607061,human skin metagenome,SAMN44607061,44607061
SRS23889681,Met5816,SAMN44607060,human skin metagenome,SAMN44607060,44607060
SRS23889682,Met3491,SAMN44607059,human skin metagenome,SAMN44607059,44607059
SRS23889679,Met3488,SAMN44607058,human skin metagenome,SAMN44607058,44607058
SRS23889680,Met3450,SAMN44607057,human skin metagenome,SAMN44607057,44607057
SRS23889678,Met3448,SAMN44607056,human skin metagenome,SAMN44607056,44607056
SRS23889677,Met3447,SAMN44607055,human skin metagenome,SAMN44607055,44607055
SRS23889676,Met3446,SAMN44607054,human skin metagenome,SAMN44607054,44607054
SRS23889675,Met3445,SAMN44607053,human skin metagenome,SAMN44607053,44607053
SRS23889674,Met3444,SAMN44607052,human skin metagenome,SAMN44607052,44607052
SRS23889671,Met3443,SAMN44607051,human skin metagenome,SAMN44607051,44607051
SRS23889672,Met3441,SAMN44607050,human skin metagenome,SAMN44607050,44607050
SRS23889670,Met3440,SAMN44607049,human skin metagenome,SAMN44607049,44607049
SRS23889669,Met3439,SAMN44607048,human skin metagenome,SAMN44607048,44607048
SRS23889668,Met3438,SAMN44607047,human skin metagenome,SAMN44607047,44607047
SRS23889667,Met3437,SAMN44607046,human skin metagenome,SAMN44607046,44607046
SRS23889719,Met3436,SAMN44607045,human skin metagenome,SAMN44607045,44607045
SRS23889720,Met3435,SAMN44607044,human skin metagenome,SAMN44607044,44607044
SRS23889717,Met3434,SAMN44607043,human skin metagenome,SAMN44607043,44607043
SRS23889715,Met3417,SAMN44607042,human skin metagenome,SAMN44607042,44607042
SRS23889713,Met3416,SAMN44607041,human skin metagenome,SAMN44607041,44607041
SRS23889714,Met3415,SAMN44607040,human skin metagenome,SAMN44607040,44607040
SRS23889711,Met3414,SAMN44607039,human skin metagenome,SAMN44607039,44607039
SRS23889712,Met3413,SAMN44607038,human skin metagenome,SAMN44607038,44607038
SRS23889710,Met3412,SAMN44607037,human skin metagenome,SAMN44607037,44607037
SRS23889708,Met3411,SAMN44607036,human skin metagenome,SAMN44607036,44607036
SRS23889707,Met3410,SAMN44607035,human skin metagenome,SAMN44607035,44607035
SRS23889705,Met3408,SAMN44607034,human skin metagenome,SAMN44607034,44607034
SRS23889706,Met3407,SAMN44607033,human skin metagenome,SAMN44607033,44607033
SRS23889702,Met3406,SAMN44607032,human skin metagenome,SAMN44607032,44607032
SRS23889703,Met3405,SAMN44607031,human skin metagenome,SAMN44607031,44607031
SRS23889704,Met3404,SAMN44607030,human skin metagenome,SAMN44607030,44607030
SRS23889701,Met3403,SAMN44607029,human skin metagenome,SAMN44607029,44607029
SRS23889700,Met3402,SAMN44607028,human skin metagenome,SAMN44607028,44607028
SRS23889698,Met3401,SAMN44607027,human skin metagenome,SAMN44607027,44607027
SRS23889699,Met3399,SAMN44607026,human skin metagenome,SAMN44607026,44607026
SRS23889696,Met3398,SAMN44607025,human skin metagenome,SAMN44607025,44607025
SRS23889694,Met3397,SAMN44607024,human skin metagenome,SAMN44607024,44607024
SRS23889693,Met3396,SAMN44607023,human skin metagenome,SAMN44607023,44607023
SRS23889695,Met3395,SAMN44607022,human skin metagenome,SAMN44607022,44607022
SRS23889666,Met3394,SAMN44607021,human skin metagenome,SAMN44607021,44607021
SRS23889664,Met3393,SAMN44607020,human skin metagenome,SAMN44607020,44607020
SRS23889665,Met3392,SAMN44607019,human skin metagenome,SAMN44607019,44607019
SRS23887768,Met3390,SAMN44607018,human skin metagenome,SAMN44607018,44607018
SRS23887767,Met3389,SAMN44607017,human skin metagenome,SAMN44607017,44607017
SRS23887765,Met3388,SAMN44607016,human skin metagenome,SAMN44607016,44607016
SRS23887766,Met3387,SAMN44607015,human skin metagenome,SAMN44607015,44607015
SRS23887824,Met3386,SAMN44607014,human skin metagenome,SAMN44607014,44607014
SRS23887823,Met3385,SAMN44607013,human skin metagenome,SAMN44607013,44607013
SRS23887822,Met3384,SAMN44607012,human skin metagenome,SAMN44607012,44607012
SRS23887821,Met3383,SAMN44607011,human skin metagenome,SAMN44607011,44607011
SRS23887820,Met3381,SAMN44607010,human skin metagenome,SAMN44607010,44607010
SRS23887819,Met3380,SAMN44607009,human skin metagenome,SAMN44607009,44607009
SRS23887818,Met3379,SAMN44607008,human skin metagenome,SAMN44607008,44607008
SRS23887816,Met3378,SAMN44607007,human skin metagenome,SAMN44607007,44607007
SRS23887817,Met3377,SAMN44607006,human skin metagenome,SAMN44607006,44607006
SRS23887814,Met3376,SAMN44607005,human skin metagenome,SAMN44607005,44607005
SRS23887815,Met3375,SAMN44607004,human skin metagenome,SAMN44607004,44607004
SRS23887813,Met3374,SAMN44607003,human skin metagenome,SAMN44607003,44607003
SRS23887812,Met3372,SAMN44607002,human skin metagenome,SAMN44607002,44607002
SRS23887811,Met3371,SAMN44607001,human skin metagenome,SAMN44607001,44607001
SRS23887810,Met3370,SAMN44607000,human skin metagenome,SAMN44607000,44607000
SRS23887809,Met3369,SAMN44606999,human skin metagenome,SAMN44606999,44606999
SRS23887806,Met3368,SAMN44606998,human skin metagenome,SAMN44606998,44606998
SRS23887804,Met3367,SAMN44606997,human skin metagenome,SAMN44606997,44606997
SRS23887803,Met3366,SAMN44606996,human skin metagenome,SAMN44606996,44606996
SRS23887802,Met3365,SAMN44606995,human skin metagenome,SAMN44606995,44606995
SRS23887801,Met3363,SAMN44606994,human skin metagenome,SAMN44606994,44606994
SRS23887800,Met3362,SAMN44606993,human skin metagenome,SAMN44606993,44606993
SRS23887799,Met3361,SAMN44606992,human skin metagenome,SAMN44606992,44606992
SRS23887798,Met3360,SAMN44606991,human skin metagenome,SAMN44606991,44606991
SRS23887796,Met3359,SAMN44606990,human skin metagenome,SAMN44606990,44606990
SRS23887797,Met3358,SAMN44606989,human skin metagenome,SAMN44606989,44606989
SRS23887795,Met3357,SAMN44606988,human skin metagenome,SAMN44606988,44606988
SRS23887794,Met3356,SAMN44606987,human skin metagenome,SAMN44606987,44606987
SRS23887793,Met3353,SAMN44606986,human skin metagenome,SAMN44606986,44606986
SRS23887791,Met3352,SAMN44606985,human skin metagenome,SAMN44606985,44606985
SRS23887792,Met3351,SAMN44606984,human skin metagenome,SAMN44606984,44606984
SRS23887790,Met3350,SAMN44606983,human skin metagenome,SAMN44606983,44606983
SRS23887789,Met3349,SAMN44606982,human skin metagenome,SAMN44606982,44606982
SRS23887788,Met3348,SAMN44606981,human skin metagenome,SAMN44606981,44606981
SRS23887786,Met3347,SAMN44606980,human skin metagenome,SAMN44606980,44606980
SRS23887787,Met3345,SAMN44606979,human skin metagenome,SAMN44606979,44606979
SRS23887785,Met3344,SAMN44606978,human skin metagenome,SAMN44606978,44606978
SRS23887784,Met3343,SAMN44606977,human skin metagenome,SAMN44606977,44606977
SRS23887783,Met3342,SAMN44606976,human skin metagenome,SAMN44606976,44606976
SRS23887781,Met3341,SAMN44606975,human skin metagenome,SAMN44606975,44606975
SRS23887782,Met3340,SAMN44606974,human skin metagenome,SAMN44606974,44606974
SRS23887780,Met3339,SAMN44606973,human skin metagenome,SAMN44606973,44606973
SRS23887777,Met3338,SAMN44606972,human skin metagenome,SAMN44606972,44606972
SRS23887776,Met3241,SAMN44606971,human skin metagenome,SAMN44606971,44606971
SRS23887774,Met3240,SAMN44606970,human skin metagenome,SAMN44606970,44606970
SRS23887772,Met3239,SAMN44606969,human skin metagenome,SAMN44606969,44606969
SRS23887770,Met3238,SAMN44606968,human skin metagenome,SAMN44606968,44606968
SRS23887769,Met3237,SAMN44606967,human skin metagenome,SAMN44606967,44606967
SRS23887764,Met3236,SAMN44606966,human skin metagenome,SAMN44606966,44606966
SRS23887763,Met3235,SAMN44606965,human skin metagenome,SAMN44606965,44606965
SRS23887762,Met3234,SAMN44606964,human skin metagenome,SAMN44606964,44606964
SRS23887761,Met3233,SAMN44606963,human skin metagenome,SAMN44606963,44606963
SRS23887760,Met3232,SAMN44606962,human skin metagenome,SAMN44606962,44606962
SRS23887758,Met3231,SAMN44606961,human skin metagenome,SAMN44606961,44606961
SRS23887779,Met3230,SAMN44606960,human skin metagenome,SAMN44606960,44606960
SRS23887759,Met3229,SAMN44606959,human skin metagenome,SAMN44606959,44606959
SRS23887757,Met3228,SAMN44606958,human skin metagenome,SAMN44606958,44606958
SRS23887756,Met3227,SAMN44606957,human skin metagenome,SAMN44606957,44606957
SRS23887754,Met3226,SAMN44606956,human skin metagenome,SAMN44606956,44606956
SRS23887753,Met3225,SAMN44606955,human skin metagenome,SAMN44606955,44606955
SRS23887752,Met3224,SAMN44606954,human skin metagenome,SAMN44606954,44606954
SRS23887751,Met3211,SAMN44606953,human skin metagenome,SAMN44606953,44606953
SRS23887750,Met3210,SAMN44606952,human skin metagenome,SAMN44606952,44606952
SRS23887749,Met3209,SAMN44606951,human skin metagenome,SAMN44606951,44606951
SRS23887748,Met3208,SAMN44606950,human skin metagenome,SAMN44606950,44606950
SRS23887747,Met3207,SAMN44606949,human skin metagenome,SAMN44606949,44606949
SRS23887746,Met3206,SAMN44606948,human skin metagenome,SAMN44606948,44606948
SRS23887745,Met3205,SAMN44606947,human skin metagenome,SAMN44606947,44606947
SRS23887744,Met3204,SAMN44606946,human skin metagenome,SAMN44606946,44606946
SRS23887743,Met3202,SAMN44606945,human skin metagenome,SAMN44606945,44606945
SRS23887742,Met3201,SAMN44606944,human skin metagenome,SAMN44606944,44606944
SRS23887741,Met3200,SAMN44606943,human skin metagenome,SAMN44606943,44606943
SRS23887740,Met3199,SAMN44606942,human skin metagenome,SAMN44606942,44606942
SRS23887739,Met3198,SAMN44606941,human skin metagenome,SAMN44606941,44606941
SRS23887738,Met3197,SAMN44606940,human skin metagenome,SAMN44606940,44606940
SRS23874897,Met3195,SAMN44606939,human skin metagenome,SAMN44606939,44606939
SRS23874896,Met3194,SAMN44606938,human skin metagenome,SAMN44606938,44606938
SRS23874895,Met3193,SAMN44606937,human skin metagenome,SAMN44606937,44606937
SRS23874894,Met3192,SAMN44606936,human skin metagenome,SAMN44606936,44606936
SRS23874893,Met3191,SAMN44606935,human skin metagenome,SAMN44606935,44606935
SRS23874892,Met3190,SAMN44606934,human skin metagenome,SAMN44606934,44606934
SRS23874891,Met3189,SAMN44606933,human skin metagenome,SAMN44606933,44606933
SRS23874890,Met3188,SAMN44606932,human skin metagenome,SAMN44606932,44606932
SRS23874889,Met3187,SAMN44606931,human skin metagenome,SAMN44606931,44606931
SRS23874888,Met3186,SAMN44606930,human skin metagenome,SAMN44606930,44606930
SRS23874887,Met3185,SAMN44606929,human skin metagenome,SAMN44606929,44606929
SRS23874885,Met3184,SAMN44606928,human skin metagenome,SAMN44606928,44606928
SRS23874886,Met3183,SAMN44606927,human skin metagenome,SAMN44606927,44606927
SRS23874884,Met3182,SAMN44606926,human skin metagenome,SAMN44606926,44606926
SRS23874882,Met3181,SAMN44606925,human skin metagenome,SAMN44606925,44606925
SRS23874883,Met3180,SAMN44606924,human skin metagenome,SAMN44606924,44606924
SRS23874881,Met3179,SAMN44606923,human skin metagenome,SAMN44606923,44606923
SRS23874880,Met3177,SAMN44606922,human skin metagenome,SAMN44606922,44606922
SRS23874879,Met3176,SAMN44606921,human skin metagenome,SAMN44606921,44606921
SRS23874878,Met3175,SAMN44606920,human skin metagenome,SAMN44606920,44606920
SRS23874877,Met3174,SAMN44606919,human skin metagenome,SAMN44606919,44606919
SRS23874876,Met3173,SAMN44606918,human skin metagenome,SAMN44606918,44606918
SRS23874875,Met3172,SAMN44606917,human skin metagenome,SAMN44606917,44606917
SRS23874874,Met3170,SAMN44606916,human skin metagenome,SAMN44606916,44606916
SRS23874873,Met3169,SAMN44606915,human skin metagenome,SAMN44606915,44606915
SRS23874872,Met3168,SAMN44606914,human skin metagenome,SAMN44606914,44606914
SRS23874871,Met3167,SAMN44606913,human skin metagenome,SAMN44606913,44606913
SRS23874870,Met3166,SAMN44606912,human skin metagenome,SAMN44606912,44606912
SRS23874868,Met3165,SAMN44606911,human skin metagenome,SAMN44606911,44606911
SRS23874869,Met3163,SAMN44606910,human skin metagenome,SAMN44606910,44606910
SRS23874867,Met3162,SAMN44606909,human skin metagenome,SAMN44606909,44606909
SRS23874866,Met3161,SAMN44606908,human skin metagenome,SAMN44606908,44606908
SRS23874865,Met3160,SAMN44606907,human skin metagenome,SAMN44606907,44606907
SRS23874864,Met3159,SAMN44606906,human skin metagenome,SAMN44606906,44606906
SRS23874863,Met3158,SAMN44606905,human skin metagenome,SAMN44606905,44606905
SRS23874862,Met3157,SAMN44606904,human skin metagenome,SAMN44606904,44606904
SRS23874861,Met3156,SAMN44606903,human skin metagenome,SAMN44606903,44606903
SRS23874860,Met3155,SAMN44606902,human skin metagenome,SAMN44606902,44606902
SRS23874859,Met3154,SAMN44606901,human skin metagenome,SAMN44606901,44606901
SRS23874858,Met3153,SAMN44606900,human skin metagenome,SAMN44606900,44606900
SRS23874857,Met3152,SAMN44606899,human skin metagenome,SAMN44606899,44606899
SRS23874856,Met3151,SAMN44606898,human skin metagenome,SAMN44606898,44606898
SRS23874855,Met3150,SAMN44606897,human skin metagenome,SAMN44606897,44606897
SRS23874854,Met3149,SAMN44606896,human skin metagenome,SAMN44606896,44606896
SRS23874853,Met3148,SAMN44606895,human skin metagenome,SAMN44606895,44606895
SRS23874852,Met3147,SAMN44606894,human skin metagenome,SAMN44606894,44606894
SRS23874851,Met3146,SAMN44606893,human skin metagenome,SAMN44606893,44606893
SRS23874850,Met3006,SAMN44606892,human skin metagenome,SAMN44606892,44606892
SRS23874849,Met3005,SAMN44606891,human skin metagenome,SAMN44606891,44606891
SRS23874848,Met3004,SAMN44606890,human skin metagenome,SAMN44606890,44606890
SRS23874847,Met3003,SAMN44606889,human skin metagenome,SAMN44606889,44606889
SRS23874846,Met2994,SAMN44606888,human skin metagenome,SAMN44606888,44606888
SRS23874845,Met2993,SAMN44606887,human skin metagenome,SAMN44606887,44606887
SRS23874844,Met2992,SAMN44606886,human skin metagenome,SAMN44606886,44606886
SRS23874843,Met2991,SAMN44606885,human skin metagenome,SAMN44606885,44606885
SRS23874839,Met2982,SAMN44606884,human skin metagenome,SAMN44606884,44606884
SRS23874838,Met2981,SAMN44606883,human skin metagenome,SAMN44606883,44606883
SRS23874837,Met2980,SAMN44606882,human skin metagenome,SAMN44606882,44606882
SRS23874835,Met2979,SAMN44606881,human skin metagenome,SAMN44606881,44606881
SRS23874836,Met2970,SAMN44606880,human skin metagenome,SAMN44606880,44606880
SRS23874834,Met2969,SAMN44606879,human skin metagenome,SAMN44606879,44606879
SRS23874833,Met2968,SAMN44606878,human skin metagenome,SAMN44606878,44606878
SRS23874830,Met2967,SAMN44606877,human skin metagenome,SAMN44606877,44606877
SRS23874832,Met2958,SAMN44606876,human skin metagenome,SAMN44606876,44606876
SRS23874831,Met2957,SAMN44606875,human skin metagenome,SAMN44606875,44606875
SRS23874829,Met2956,SAMN44606874,human skin metagenome,SAMN44606874,44606874
SRS23874828,Met2955,SAMN44606873,human skin metagenome,SAMN44606873,44606873
SRS23874827,Met2946,SAMN44606872,human skin metagenome,SAMN44606872,44606872
SRS23874825,Met2945,SAMN44606871,human skin metagenome,SAMN44606871,44606871
SRS23874826,Met2944,SAMN44606870,human skin metagenome,SAMN44606870,44606870
SRS23874824,Met2943,SAMN44606869,human skin metagenome,SAMN44606869,44606869
SRS23874822,Met2934,SAMN44606868,human skin metagenome,SAMN44606868,44606868
SRS23874823,Met2933,SAMN44606867,human skin metagenome,SAMN44606867,44606867
SRS23874821,Met2932,SAMN44606866,human skin metagenome,SAMN44606866,44606866
SRS23874819,Met2931,SAMN44606865,human skin metagenome,SAMN44606865,44606865
SRS23874820,Met2922,SAMN44606864,human skin metagenome,SAMN44606864,44606864
SRS23874817,Met2921,SAMN44606863,human skin metagenome,SAMN44606863,44606863
SRS23874818,Met2920,SAMN44606862,human skin metagenome,SAMN44606862,44606862
SRS23874816,Met2919,SAMN44606861,human skin metagenome,SAMN44606861,44606861
SRS23873145,Met2144,SAMN44606860,human skin metagenome,SAMN44606860,44606860
SRS23873144,Met2143,SAMN44606859,human skin metagenome,SAMN44606859,44606859
SRS23873143,Met2141,SAMN44606858,human skin metagenome,SAMN44606858,44606858
SRS23873141,Met2140,SAMN44606857,human skin metagenome,SAMN44606857,44606857
SRS23873142,Met2138,SAMN44606856,human skin metagenome,SAMN44606856,44606856
SRS23873140,Met2137,SAMN44606855,human skin metagenome,SAMN44606855,44606855
SRS23873139,Met2129,SAMN44606854,human skin metagenome,SAMN44606854,44606854
SRS23873137,Met2128,SAMN44606853,human skin metagenome,SAMN44606853,44606853
SRS23873138,Met2126,SAMN44606852,human skin metagenome,SAMN44606852,44606852
SRS23873136,Met2125,SAMN44606851,human skin metagenome,SAMN44606851,44606851
SRS23873134,Met2123,SAMN44606850,human skin metagenome,SAMN44606850,44606850
SRS23873135,Met2122,SAMN44606849,human skin metagenome,SAMN44606849,44606849
SRS23873133,Met2120,SAMN44606848,human skin metagenome,SAMN44606848,44606848
SRS23873132,Met2119,SAMN44606847,human skin metagenome,SAMN44606847,44606847
SRS23873131,Met2117,SAMN44606846,human skin metagenome,SAMN44606846,44606846
SRS23873130,Met2116,SAMN44606845,human skin metagenome,SAMN44606845,44606845
SRS23873129,Met2114,SAMN44606844,human skin metagenome,SAMN44606844,44606844
SRS23873128,Met2113,SAMN44606843,human skin metagenome,SAMN44606843,44606843
SRS23873127,Met2111,SAMN44606842,human skin metagenome,SAMN44606842,44606842
SRS23873126,Met2110,SAMN44606841,human skin metagenome,SAMN44606841,44606841
SRS23873124,Met2108,SAMN44606840,human skin metagenome,SAMN44606840,44606840
SRS23873125,Met2107,SAMN44606839,human skin metagenome,SAMN44606839,44606839
SRS23873122,Met2105,SAMN44606838,human skin metagenome,SAMN44606838,44606838
SRS23873123,Met2104,SAMN44606837,human skin metagenome,SAMN44606837,44606837
